mq6_gas,mq7_gas,temperature,humidity,is_anomaly
314.901424590337,32.88120158988649,23.643010539025557,44.282883917705355,0
295.8520709648645,32.73292945808073,24.389001073892693,44.83672048129845,0
319.43065614302077,26.021784136849924,23.805237877909715,45.32147439293791,0
345.69089569224076,33.349549041492814,25.22083609389224,49.734307308230896,0
292.97539875829995,38.66414540910873,27.394357062923824,41.26391345756628,0
292.9758912915246,28.628839404616024,23.45791568571759,40.7682650424367,0
347.37638446522175,40.24241325525296,27.001640995536828,51.18309871071487,0
323.02304187458725,37.43887410542169,23.436655855306224,42.68677629059351,0
285.91576842195144,31.328833390144812,23.30474557500623,38.68482323211467,0
316.2768013075789,34.292351813310766,26.637189236686428,42.57435028950065,0
286.0974692156261,42.99160903820516,26.843872756015234,43.34973632377999,0
286.0281073928923,38.66773906752933,26.702819873525307,52.77481363862882,0
307.258868146981,35.043918274490736,22.368405183563716,49.62413106188369,0
242.60159266026605,33.81158341519508,24.068098043855898,50.73760308316121,0
248.25246502460902,35.3830453522583,26.645977184006643,49.09986821173393,0
283.1313741227708,32.44118221028848,25.08308368112779,49.73121835807657,0
269.6150663899673,24.476252471404926,22.852614307605073,41.55958936709841,0
309.4274199778582,45.210889552673656,25.916635878250883,44.00698922323258,0
272.75927773436365,35.776624995997004,23.57038548201706,40.050423434882255,0
257.6308889599413,36.99073632561269,28.589049696784425,43.947559847314835,0
343.96946306764664,34.71046125061546,28.089682924836517,48.4205249546737,0
293.22671098540394,31.32441599637706,26.208194852711134,45.672916424061235,0
302.0258461406377,34.07037759525615,27.722013409539546,51.55740409480148,0
257.2575544135963,27.003026189028443,25.12958270024676,39.2929210388639,0
283.66851826424454,46.385432490266524,77.85782098101181,10.968101567230532,1
303.327677691296,28.82744000788802,27.955440590604148,38.75848599065341,0
265.47019267733094,29.840168580764104,25.490997363588626,45.47088234586821,0
311.27094055037014,32.798703978068,24.489625656971434,48.701667112782395,0
281.98083930243587,41.44037862426189,91.97386973498173,12.656398697830628,1
291.2491875062017,35.07254499631327,24.833732948557014,47.75563302043478,0
281.9488016331181,28.81932101984769,26.646846369124624,40.20133832583533,0
355.5683455352681,41.271691803786695,26.89126685513526,36.68155010901808,0
299.595083257862,38.65500313392741,26.00873013143682,47.78514811243902,0
268.268672131323,37.69217478608226,23.91740181007552,53.72005117037866,0
324.67634736309566,38.5786712058542,21.04635686210482,40.01977529915054,0
263.37469050086935,46.97180950291225,24.00956980399053,51.11097090053398,0
306.26590785014264,45.925474475180565,24.391310257892098,45.21711704408205,0
241.20989628360672,31.566423284983525,24.37414206561997,38.32154239153462,0
260.1544185330471,43.11942496405576,26.23711271395585,39.34247349323919,0
305.9058370760737,36.915840948794504,28.97135282202968,45.07892386680325,0
322.1539973998623,37.495479080688746,25.247058403682185,42.977688560379484,0
305.14104843569913,26.538645841783357,24.566536421687076,38.43543511620881,0
296.53055152835276,34.14807117305902,24.481556373991815,36.52980359387298,0
290.96688913232134,30.935882048317175,25.24876953381543,40.76640336036747,0
255.6443402889772,39.140294074466546,23.3434124793032,45.96904504165559,0
278.40467374815876,40.35540250201402,25.240397117492112,44.96799623698431,0
286.1808368712064,24.627568244918443,25.9016246726636,42.49381021249961,0
331.71366678656744,34.88982567997865,25.419372127148975,46.009435971457414,0
310.3085486870538,40.60930752397126,25.915083868009564,50.20013359931344,0
247.108795339118,34.066605188432774,25.86749521869707,46.97063255217074,0
309.72251908184387,38.64531822501182,21.45620663550711,44.3934566430521,0
288.4475315875105,36.75582733813542,26.273740316790807,49.640360033303445,0
279.6923399908212,36.70830115976313,23.657970308675093,40.20074848891853,0
318.35028866522606,33.643425109658516,22.808321673992083,43.87540230222324,0
330.92998567487854,28.917095979321452,22.791096344290008,43.99456032199816,0
327.93840357348597,29.392349262874863,25.86708322094506,38.81523370778577,0
274.82347430332084,38.546762572276585,24.554850145550294,42.900629188578215,0
290.72362872446354,35.097291277594415,21.636062432029178,34.625201595523485,0
309.9379029421069,34.30743877696388,25.956075630384568,54.56089023831477,0
329.2663538136708,32.88054978838824,22.120783738402345,40.31293105781843,0
285.62477286464133,33.474055772596245,25.27964271703642,52.93057065710656,0
294.4302307000855,40.234558972440695,25.47699785134611,45.19042252859746,0
266.80995077981913,33.32377959065987,26.77115416339009,47.8243206607798,0
264.11380127757985,28.294676433492157,28.563369572933702,42.55600100824534,0
324.3757746718259,38.71825887770087,22.270647348198917,46.03964845980837,0
340.6872008571247,33.97561668067642,24.895052287873902,48.25244819994218,0
297.83969635259,35.15697932766388,24.447329409911564,48.322762071970914,0
330.1059869367607,43.03789153199755,25.867499371921923,48.873866950371784,0
310.849080751429,34.897197213247466,25.431337541867236,43.15833644980412,0
280.6464073618463,36.44591836559363,24.29490751452676,42.59820163754323,0
310.84186816525244,29.105382543508373,24.118195622778288,37.02911837366198,0
346.1410969939791,33.9016527382452,22.767098289631903,47.616095055884685,0
298.92521882670144,38.047630226043005,26.97572316481302,50.411893556617215,0
346.9393096744202,27.223131330793787,25.91840836319906,53.07990839958965,0
221.40764687730766,36.00422546557855,26.835536395590275,46.52586317290254,0
324.6570751312567,35.50395536322403,24.37920772704897,41.167601135457154,0
302.61141204714517,35.2064372779372,23.68632906261114,36.51451928355272,0
291.029779486024,40.18579449329122,22.843369866741543,50.20833366541675,0
302.75282329606506,36.67219257424261,25.71783516748132,36.01861716611232,0
240.37293256197322,42.39035949178222,22.92041355094353,43.29697961128117,0
293.40984336487463,30.032052422029818,28.6973261379331,43.87846586028177,0
310.7133771453524,35.67962283609174,22.38471483781312,44.6527243107449,0
344.33682134224546,35.42233393194974,25.547320238425005,45.179013000179204,0
284.45189345179057,29.6537275312246,28.13370941442757,45.69073778183788,0
275.7451919132044,39.78147501045673,26.198179518527617,32.92318368960735,0
284.9472886924639,46.62336652926409,25.351347424983558,45.07327954935063,0
327.4620635310622,34.914969627580845,23.063032706076207,33.852122129440616,0
309.8625332897905,37.52510544136884,22.236461622864592,48.661090365454974,0
284.10719388698885,35.42259237907663,26.54010021783517,42.22437422098194,0
315.3980229934007,31.432076650464122,28.012294481549894,34.21481637388325,0
302.9123264804412,25.89619861098992,24.122300019043657,40.92897661307312,0
329.0593497159867,31.471132584523176,22.7218769847673,42.149623304076734,0
278.93840718367943,28.040208095241343,20.083661138901963,50.953498087775024,0
290.170135602067,43.52051039029559,23.038470312674924,45.98318870875123,0
288.2367554060353,34.424451530383806,24.77268631500192,46.7222247217529,0
256.09455155603644,33.27040335476415,28.19824648167347,50.90610817110301,0
308.8836083119373,39.44576912393903,26.346267384465936,44.51927856037755,0
307.8316581653967,29.391244485720563,25.610170809413507,48.770939805162016,0
300.15340369927384,31.165679809977238,24.199760677397737,48.41930556965996,0
292.96238599874556,35.34036134624311,23.833668565488086,38.56765253215294,0
257.5388777384876,40.1438449571174,27.811295195015926,52.36491788814915,0
287.38064031703925,37.50842522584394,25.40147708151678,37.89849109964653,0
289.71856450419693,36.24162571257941,20.794798616157955,49.586833247389244,0
275.93168192335145,35.39058867618008,23.652920704205513,37.414634815471835,0
295.16142865001973,37.001179277633874,23.28356793645675,48.00618394075837,0
312.1215257044361,36.008264525646275,23.90747198164507,54.30957439075086,0
356.5855770363159,29.85013862611532,26.12582132057017,43.93510671724894,0
305.23733438495515,35.230396108165756,24.7851102364115,43.718221785734265,0
307.7265117216829,29.63155670541124,24.846269185992675,48.05219999658425,0
297.766622527015,35.405412714504116,94.62282586042869,15.258008080305284,1
242.43686354102874,32.59676029255879,23.607077820426625,54.091393518714106,0
299.2045837365235,47.696908113914304,28.728399051774698,45.960961247293476,0
301.8069062982308,34.80052808124144,23.657384817257828,43.399152458896374,0
373.8972633745586,27.978802168692056,85.32950294513113,20.25325475586411,1
294.2291710565663,34.329098946615375,24.437592809194467,40.335257649134896,0
309.04642027000835,37.59679372818944,25.246838267001923,41.861225066212555,0
298.9586469088427,43.366819730762614,25.889183990146257,43.24663303170702,0
264.93965887141405,32.052738000306405,25.867670480177754,42.5618046325071,0
334.28468443545063,27.0878601298818,23.49376533875884,41.70912362931448,0
322.5579909806032,39.084185057154905,22.754170645104857,55.4942061517622,0
323.7309584112914,28.097006470501743,30.00634358181142,39.849524617552554,0
272.7183763561578,32.819222792462575,24.032031320798893,45.733162938230876,0
1195.0132270413455,33.71189757244503,26.398424877343974,47.96260504880436,1
257.9444681162316,34.65183273349946,21.784717378953605,48.15053997791866,0
317.6057128140081,38.445822285371676,24.440774560190647,44.70696462108764,0
365.7136687742994,31.58182858856806,24.745601232035114,43.79648714076345,0
270.28391024607936,33.631353739166194,25.945630139855666,47.25773745619753,0
283.01106811191687,34.92864823525306,19.555091718016122,46.332608249891,0
302.9895409526292,35.74798978759394,25.33228122615666,43.705205826162434,0
284.895730376514,35.48913587353962,22.700517089264213,37.190607141377846,0
253.48009706801602,37.1800288761129,25.64869142238985,42.66038138833376,0
302.0568892441808,39.21919754820868,76.91044434899065,23.99312619610187,1
268.13088858821686,36.96317057825484,23.28903460814884,41.664202249668364,0
314.20777291905546,37.26792761754609,24.452744779213464,45.166116192584795,0
272.4172729729859,27.08888416626761,22.89534106079361,46.79368071998308,0
346.49803215052617,35.2511384958284,24.04893110652929,53.902263756462034,0
276.5024012299129,37.39753774000804,22.61324846291337,42.312968105480934,0
290.33815451382975,38.64470597285225,21.333659096602545,48.87312817637575,0
324.4055165210901,31.53824612883103,27.03591410485872,46.52980012218918,0
263.07407050698134,31.704803625556774,22.407902614352142,51.47998835319895,0
306.82379803812387,32.12949662358201,24.642638224784033,47.88114359797813,0
339.21428262847286,37.682069499456716,26.50578216298757,39.95759286356842,0
251.77550296316318,40.16940527462104,23.770111794967914,36.384769853543844,0
305.5390157559691,32.962699463541995,23.349668200508923,46.55630849833752,0
307.79648382745273,39.53981156813524,25.452476177334844,42.35774501049805,0
323.4546861533193,35.61739904582297,27.235867645454306,40.09843127024701,0
262.89147867365756,34.37857111418782,22.66136946982706,38.66211147733461,0
260.3863016074717,33.943078850910155,24.699704335965123,45.80487748793578,0
315.65824696850694,38.733056823010784,21.535010810065344,52.53853849656682,0
308.9095401969956,36.62788908393535,24.21359799263562,42.95663827146979,0
307.5147855103763,46.37912713823819,25.06840936907615,47.95135155537661,0
310.39344628490926,30.738876785013378,23.290750716489868,44.488668248912035,0
279.5992583526453,37.59050851014988,24.086016332349537,38.55308955448304,0
306.9676109148301,32.353994950942436,22.1835464633851,48.674056717552084,0
308.7921741989604,30.65356506505678,25.154157222762986,39.52653977986314,0
278.569457459209,34.94566431482514,27.1113884977663,45.108133152967824,0
355.9732353343427,35.68676239703518,22.805712260459075,43.29239792497347,0
314.21498762735365,49.59086777530046,23.754656466895234,49.46538717282846,0
264.26089508392056,34.07927092158399,26.005092492908364,39.70924503764657,0
319.6966082590149,29.349106352576584,27.424181438645473,46.9543495390098,0
270.75954989318035,36.36505358747193,22.013620375582136,40.8010129632565,0
323.61253811227357,24.62679981226816,24.6624305251681,42.444473938356076,0
334.75786737022213,34.540216086978674,25.56626164463905,26.82399886229949,0
275.3795304494487,35.0801264114758,24.795887218742305,55.460492858089545,0
328.90128387732966,38.973001914726055,20.046415866245827,47.75278466413116,0
312.38342780809495,39.86811124713923,26.002180018617544,41.16326257030918,0
324.6618047998347,32.482151905461414,28.038672702181287,39.376721558335035,0
356.9037894796184,34.246929926850335,25.233323502339008,42.5217562356033,0
292.6383565199139,31.169395846946646,22.937787893411475,48.58439767409726,0
277.3879150692753,29.35968722596153,23.973745507271435,35.539575372075376,0
273.3145671112343,36.54947389690317,28.539826135311188,44.29207790352831,0
275.52569145103683,28.632072257017004,26.819925081721117,53.853209362313365,0
297.68694871757685,32.92686549714068,26.28005323676866,39.33026832016098,0
310.2345592444993,30.024130200503812,25.71282516706875,45.40192519381827,0
308.30072397990057,37.7484159314513,23.677725775618054,56.01654907628879,0
324.81549747108073,44.00715049633244,24.598857638688465,48.160758148453866,0
300.39005675633723,28.492060085983343,24.844154528642967,45.62961910242728,0
343.6060223147195,25.734907585512158,26.099148632128887,47.53318227454501,0
292.0602950028613,34.375565573249666,28.017837788533807,42.99567332495149,0
381.6050749976886,35.078488979788794,27.236676273586255,51.4981564265172,0
318.77002043295016,36.093296533786486,22.16123128840792,43.00334988549894,0
274.28527330751155,32.768397423828276,25.4479899378021,35.20409195632011,0
267.8732250581666,33.99680350587284,26.473526690335795,43.0434844802977,0
314.47417245729554,36.83755205270301,26.23772066028927,40.166327350616484,0
293.29611644022447,40.2021544632242,23.74153247322516,43.594029939012856,0
321.42001482276277,25.224756148408584,30.828218431536722,43.704579704596846,0
314.19712873720636,33.15530280484269,22.445830875337762,50.98711599902454,0
297.8151326202938,36.06904396970532,22.8336231066679,48.47646363332193,0
274.59618845794785,30.41011947694632,25.467190162523153,46.316327437876986,0
254.55458325942405,43.6558481588365,29.233606109927706,44.98527294333702,0
286.60455143798936,31.822950598856316,23.327610298591658,39.70570995571003,0
325.69196382970415,34.79353656496359,91.53981424921393,14.145452193822642,1
306.4228123239061,37.780110484211455,27.154587346031384,45.565800056963916,0
262.62783663864036,32.04357605599053,24.964275690224532,48.97320601786829,0
305.19542777553545,25.767134760977914,24.33079229093941,44.458330583777055,0
311.5595213918651,32.856727365417335,26.131265803773438,42.3257283860665,0
273.484276913966,40.1472027796352,25.545035980459186,47.32251082607106,0
304.61175317836586,33.31552436607431,27.060877571273583,44.58333899687827,0
301.74626155338,30.767828492705107,27.582937778130727,53.42872095986981,0
265.7108910650813,39.62836104751361,25.614006120010725,51.16364171034142,0
310.7336208104485,33.34612551988474,25.583465450756616,49.797540285116646,0
316.82353579104705,32.44919593174891,25.428221964572266,48.78867057104952,0
332.4915372952583,35.747280448316545,25.978261113298576,38.549162927742714,0
1481.6474030441075,38.85375104809394,25.11034127574293,48.314968510263,1
258.6699189612873,46.90856765866273,24.99878303535542,46.88162978823288,0
271.8652488025463,39.136180538287114,27.393254241654486,48.03212364195581,0
315.4510580162598,40.79919983194172,28.032232360710086,47.46304743406526,0
315.41357852736627,32.470169005060725,21.98489411073316,47.263812939240324,0
315.4514305891814,29.870659470152617,25.020042303481137,58.504332347747976,0
415.5819447196416,35.311656748095615,23.62261113310953,44.61907165024041,0
317.12671532079503,35.535849576297984,24.378057067027854,49.68168690414665,0
334.066969205418,29.607436293177013,25.805032419470642,42.64505094867999,0
328.62005290479607,34.12352735047993,26.33887674308494,48.95320791943836,0
319.54173753917394,36.99658800859565,24.77574711277731,49.69659945116228,0
290.5419226607896,36.8019669750904,21.173319330554396,46.822130385676736,0
322.769076614798,37.52143926692136,23.069908838847642,53.3462347118825,0
276.81524356387285,36.45482365068722,26.792999340400332,40.57861981819791,0
292.8954417977997,32.46495670364972,19.51914715593014,42.56389529165889,0
285.4390935651269,32.43049686675578,27.374854303364,46.06190043011745,0
302.4562241815897,29.00524301003062,26.04245998128908,49.40403426742111,0
369.43975700020525,43.923875195925476,27.632352163060045,45.89714760647467,0
243.98204422224754,35.06725182309646,24.60286162623808,51.42879518255283,0
320.58780571123543,33.875734721025744,20.87718915195419,41.691550645168405,0
251.61852386431045,30.356039592737705,25.860725283012997,39.29710755255723,0
285.842044026317,49.678289511638894,27.549306248076682,46.540641682682526,0
332.668517909021,29.63335983888552,26.849443611026842,44.614098619431516,0
301.9284005728639,32.85576037196963,23.674617033023928,47.7143186017911,0
267.6676566621208,37.0791841814303,25.173522150925294,44.86298854566748,0
278.540888722201,476.61137425723047,23.93432746244015,43.29990104688272,1
320.3879324680403,39.78966027607842,23.361467071621256,44.625312141381386,0
278.0890010484859,44.03804253884631,26.910777142359702,45.14424447396593,0
306.49375768745927,37.530788277303564,22.604935377469676,43.47509350075835,0
301.3671551971144,29.719846000166662,23.212367138836775,43.98433976838286,0
280.4519895718255,33.71527437439109,22.79194873305523,42.98203331506545,0
364.3183226797598,36.53916186256942,22.019504953401906,49.28332559934703,0
319.01757066954036,45.34113020752912,25.292828583685207,45.970105022529,0
239.24572240027177,28.010972607878514,27.32300609696395,56.28376236084383,0
305.5936294430828,41.012882526126134,24.630246487509467,45.80352275639231,0
280.14640605694836,35.89957184773208,21.98850439887167,42.245712648356694,0
325.57300004388674,39.1891526761474,26.679889079484056,58.35337687431532,0
276.22437784701896,34.49002641682034,28.371403508069942,47.06813188857168,0
296.55790675599303,30.787836849368368,23.70751535170681,49.95062393446408,0
315.1496183694137,38.75436389700666,24.042891466564562,47.96051491601246,0
325.97265582510363,38.27215513552811,26.031321260166788,48.11505514648874,0
263.9911077883267,39.86028482869861,28.2437474955701,47.678270256762374,0
289.96496292477156,34.93347682310682,23.960331708549546,39.489577176119674,0
285.7516406651713,32.00088988340075,22.33510043800359,46.83764523780706,0
280.40012302278865,27.206065024880793,26.262837212544813,38.37569348074881,0
352.9636272084329,39.096866340697034,26.5981361462846,44.12818581793733,0
312.14945132882866,37.11944741221993,25.012262900870454,41.37191271718356,0
262.17348136994866,30.171086835680203,23.8837334806851,46.78735092924362,0
327.5358584116433,32.30713163351688,26.988757461984093,46.67063123669117,0
1139.4251611633,32.6662059402428,26.056072009095928,47.405729453825934,1
330.9739578165344,27.585077840087912,23.463128966193015,46.43648286374543,0
254.4189010213796,30.91158801697433,25.098189462611344,41.96587329106801,0
285.47297781401244,29.330848215968228,22.296584935950705,43.6949825532416,0
338.00733447559867,32.93760494056032,26.37178091287584,49.60198080627242,0
278.7699160314366,31.306512508352185,24.47553286123429,50.339283386472,0
313.31458284438685,26.864975395666256,24.128578335230525,39.26608450686725,0
323.2390216028801,907.600770612127,24.934251029695133,37.34536183743677,1
272.1920858526575,41.262703655146154,25.080615398660495,41.36555308397644,0
298.214239318146,31.104902892400073,26.78986012313112,50.22603791016125,0
202.76197979792784,36.36210698326805,26.182181062650443,51.074420150915174,0
269.26837075997133,37.08732544910647,24.687181442414396,40.37644059799414,0
1593.7664667259523,40.95542927386738,26.52733629943799,46.53654676868169,1
262.56650454105454,30.906974866699606,25.801474507383226,54.17215666570044,0
348.97233911794905,40.46053391991213,24.146800727427927,47.07655738620167,0
257.09575866118104,32.260473478965324,24.750563683527027,52.10751642616547,0
286.7986653990905,28.320687979156933,24.70355422231376,49.993632850415494,0
303.92221731858274,38.62068279657249,26.010522686348402,40.449006468860446,0
343.23819867198347,41.45379212061214,24.265954770556718,44.05009288251461,0
256.9241354646168,47.939544867653424,24.219181627156733,45.17377239145924,0
334.8949125646488,29.001373674548933,28.93751461886792,45.5206669401067,0
300.3069918305876,38.49459842540394,26.879470963494207,49.581644767192856,0
270.5547404685615,32.95099378103234,23.478798671149722,47.04342381137704,0
313.86310422789813,38.916793552620156,26.141881987884396,30.318995281109423,0
305.9717908672041,27.647552243843748,25.236700131310354,38.43579863453637,0
281.99349368523616,28.68615112150718,25.78310235052019,34.06309542511978,0
302.09406254970054,31.12062588416758,25.27468264913021,45.87682620327667,0
288.4405920941472,35.39482022834042,27.379285290970472,46.202438247338804,0
303.40552035753745,31.794593667308224,25.69124068930289,46.41612479305359,0
319.8639202356314,38.2952717195671,24.875822603571425,40.205358661426914,0
347.5805044843606,40.13447309128957,27.084381153966035,48.370720025599944,0
262.8655350351945,37.99788770622678,25.466570082175743,48.581312482342646,0
363.991001239688,43.09393819830434,25.242957158658115,38.724254663974214,0
241.43736601432494,37.079133147276714,25.628045204972228,37.66980899275564,0
295.4464471489325,28.915516448299165,24.812781953267265,44.99934156886531,0
317.6495161945373,41.8168825676917,25.018453985990938,53.958911368066794,0
308.429756032051,31.974218821970013,23.826610822476255,53.498713710993215,0
281.3190144053822,39.55209249842785,23.497665560752242,47.81702180224026,0
293.75633248928176,42.868671082775535,23.00285922703512,41.35001664209962,0
285.209971960235,37.283440053651994,22.216033426405847,49.43421329744292,0
282.31905729167363,27.519205934176753,23.240565277230885,42.73787867595479,0
325.48806291063073,30.40893916745104,24.65146593106615,41.162464816630944,0
310.7104645789514,41.61372233442568,25.206235164891275,34.28016584189003,0
279.21271214218035,34.15438657178592,24.45740687370472,45.51191099173826,0
326.9879962629975,35.39786767471083,20.288593019745285,41.850663254313126,0
309.21898562629826,38.79412208081805,28.149172715524685,45.482151897642524,0
324.3858635651688,38.48161431040162,27.172960245780764,33.503211518814695,0
318.88886525770835,36.3939990619273,25.89151970243426,45.84913336291844,0
275.13014967233784,33.95665814389767,28.814981345106535,32.84439418014186,0
283.1945687940909,33.43665777133821,23.045271765032577,50.43970126634276,0
322.41880815369785,39.28949412645672,28.77525024125201,47.60945617067542,0
318.31110796300396,37.76784765533897,23.069571846498903,43.60667614287706,0
299.37295218107556,33.713499996911054,25.477475850582714,47.813599300410395,0
303.51982149926346,40.410561564965704,22.45232534973159,40.109628686682235,0
338.3299468736528,34.35482942435108,25.029388191088735,45.36187757807446,0
282.2528583349251,30.741689128328034,25.772332995996777,48.973870192301675,0
316.4129214351011,31.205146505483278,24.69061933773089,29.52855375454305,0
293.9342204269832,30.106295818451173,26.427754888180274,42.76387820161238,0
293.46956390318337,33.63794991698156,25.198028898974513,44.886779349318125,0
332.9633055596157,41.168621391680965,23.955170543244982,44.01853191127117,0
324.7624904696409,30.974524094847457,23.866373364395322,52.285509131137026,0
324.40528908001914,35.94237880509051,26.621827545231394,39.38049437538558,0
339.16436421462987,31.716553271862935,23.692515940386066,41.89420378277386,0
300.63011524898275,33.69845479364281,26.830805940969874,35.42065486845776,0
320.45858913884894,27.44979394007374,27.44542358566386,52.551433256365726,0
290.69199730219634,33.897308854217314,21.66257227530774,43.768549286956,0
309.72499057465325,34.03147310097519,27.26585277460207,42.80795555981646,0
296.09570836896944,37.70143972017848,29.120845396889397,44.73758658844643,0
302.90987894978156,36.116404566276856,25.504007522403857,48.18117914215162,0
317.8547107631074,29.008039375239775,26.198168370589645,46.73681701758063,0
275.4533795029958,40.420991220217715,27.074010648738316,58.239421067785436,0
362.7716182705638,36.05151520110998,24.449035369641955,47.26967944201887,0
269.8194785550089,35.99196758588743,25.36456044707574,42.67377285415459,0
263.57434161636803,34.95408823307431,22.37160094075378,42.193216312380265,0
334.743326205002,32.4112127638889,25.277270057060903,43.03620523791595,0
323.7498808188881,36.08901169874363,25.99622399128908,37.49081537685081,0
318.72359451156467,37.377942179642915,26.03232604585294,45.19932103745793,0
318.8503652779284,26.265521543272225,27.13084944719516,48.91734053104459,0
299.63259681459255,32.30619581326952,23.450395643728942,41.93318199688382,0
273.08236885542505,33.72526514798205,23.934786486653007,40.96309971857944,0
302.2741367458118,36.28085302847139,28.79101469198271,52.57972573147117,0
279.68514865463663,693.1036836925107,24.69934325247258,37.86758421689417,1
329.2535920025325,31.14129592701609,25.400067574624657,34.660908117613495,0
295.58827855493587,32.51019076591079,24.86597991654956,39.235490281763084,0
275.2350840962247,32.43732944676725,23.356638347389953,37.297836414378516,0
290.3584247504102,30.992362049477293,28.247058421783613,46.93113032052291,0
312.3879436282687,33.26406752443869,23.944597176158787,43.196477497752134,0
283.08826341588076,38.854011099939854,22.74542895258614,43.901564774880804,0
275.3333881330071,29.730822523178272,24.098519445394498,50.764670884873865,0
307.31061634475736,37.139071975764516,20.996587996548932,41.543325694186116,0
307.34899713326166,26.490488849908324,23.697425070033635,48.875447058728206,0
284.7917047388661,32.19331001778897,23.063742804295348,52.55661399601601,0
285.86885083145035,33.35255349891007,26.23485726185465,42.7216875099317,0
306.96149812072906,43.37429836457032,23.653171520880257,48.685114277781565,0
256.55746975508026,33.62598847623656,26.775607871157696,43.7909104373551,0
257.77608676870335,23.993782632745408,27.796967986138643,49.62049064420395,0
278.4466733624269,25.00555546569375,26.5623506725752,37.142554062118634,0
293.5965854486446,35.1701479317334,24.569223422279848,36.77243877437327,0
309.32722696794013,265.7386516967132,25.282228993411184,43.0436614254623,1
344.2606865084866,36.877279288136265,21.95003011971188,40.55537595470115,0
325.7297886960606,35.83785052900495,24.73244125495752,42.41645445285057,0
295.2018441010972,40.811297987528334,23.279123063866333,43.902367087764304,0
299.4295137629193,32.302043896314345,26.388652762298598,48.600067659181256,0
269.92411906086573,39.474552780134125,30.14550477848895,42.96169710717032,0
299.4446059202283,26.839925574867912,25.99964327194762,40.880693446884564,0
291.34024083239586,30.47526083530967,21.017719702090666,43.242433116205504,0
309.6815568101427,25.964793025340917,24.277539614171253,41.15427360096691,0
1598.2383394566382,33.625773496651036,25.24498185074891,40.329972489686426,1
315.58039542723515,34.76869391366829,25.174714850520527,36.93491593211515,0
345.98216739007734,35.5705074611326,23.538373748782494,45.347390581105394,0
296.7371955462943,35.309416764435674,25.49058348527387,42.15647146701473,0
312.0513516629682,30.36223334594136,22.514998326161226,49.83139369617336,0
320.7043197513334,34.04879577793392,23.110182554629866,37.7630195397053,0
287.96338584342493,27.51276665697126,26.29159528320742,42.28958222476061,0
306.7227744543125,41.81614487566125,22.96867353824035,54.06453610329375,0
300.3777720234539,33.481869635509995,26.076423210984515,40.30195241451075,0
302.93028295646496,32.555569404781544,22.261072450687884,43.81733373951938,0
1314.593611648263,42.944701642220416,28.529651767583474,38.920780085873155,1
300.73530522776827,28.788767332253855,23.451460155191892,38.257862436095095,0
314.93994873736347,29.372064429840155,24.552666856393113,52.73655491543839,0
343.5343082338513,29.518898375657173,25.66122652218081,45.85519746318573,0
328.77812478255623,34.66064309150259,90.29918974141634,16.849985706150093,1
364.59547372534666,37.15815814818799,25.286811922142608,36.51841882441889,0
276.9795731133585,38.69837734058917,26.15071344904025,46.79370694054151,0
326.16961910162036,47.85997658747485,26.92122646500697,50.78710972996913,0
305.50026017215055,23.75283772899618,26.582994871945914,50.74738530414265,0
365.6940879965302,38.043677945622086,24.656379072394653,48.341666148030804,0
275.7510514393455,32.214347137138844,24.706736451912796,39.35257211202298,0
274.80834473457674,32.067924255556136,29.698217116050067,46.56561708596496,0
282.01822063667936,31.90113935873061,26.899778136498583,48.337924802383036,0
236.2831282707058,30.456151645960134,23.156352687359572,36.027782074555496,0
284.2273493495772,43.42262417301726,25.199976327531104,39.39360204259108,0
277.2260201533891,39.21148663506951,24.329713722443614,49.44078660871721,0
304.51181359428625,664.0389274690987,24.72933153215378,49.38022888335964,1
310.2526792733148,41.755078762435005,22.541009684583823,37.25708483189304,0
356.2851251764766,27.437355173505622,24.176153531228096,48.97510729634586,0
328.5127151455815,28.34647434334537,28.623111546387825,45.47651699576809,0
282.6928903301279,225.281724528147,26.158152601751006,48.905044773035755,1
273.04755985954927,31.50292729938356,20.01767718369708,41.827393382830294,0
314.7575751451952,35.80849263352376,27.433446984995893,48.22591748240451,0
260.3930037893807,35.51429288966167,27.179259045818323,49.21914387242812,0
354.9437629756306,35.746709555299404,24.281429391387167,43.24332532272144,0
335.3832036216386,27.94471584466959,26.43452708756643,45.08876273086643,0
285.92473043685885,39.01577371307011,23.2812015783656,41.75739185247673,0
248.60596412727367,36.19813759119499,24.059488567467284,53.2581947434294,0
340.6161712249624,38.66527140732999,27.99709272133971,44.39864030337117,0
296.5638046424215,25.53618911204974,24.45653992026058,40.38987837411409,0
337.1344893592038,36.55745429398895,21.26053667609002,41.42087043062625,0
252.167170236169,29.061173800412366,24.873393554437328,45.63385300571056,0
282.01874931138684,33.01338373724319,24.842823214171286,48.766655858891056,0
300.1573109915455,37.671824493181916,27.396737138746918,38.320865774247395,0
301.40941781294225,35.455468031279565,25.02867284435152,54.238300014712244,0
286.4980358556227,30.742300101103407,24.156835377119414,46.54337647027808,0
318.685497970425,35.031365780922094,27.09011229046241,47.33227986484706,0
267.97138711852216,27.342323423781785,25.24158046500222,44.514052280882815,0
295.7286154493612,40.751336979491484,23.499954636868566,45.096294836755625,0
303.60886895135695,33.97357990251874,27.309995121083237,44.258584310362984,0
315.4331650217625,40.59274972127663,25.387323529033598,50.0889798451798,0
321.3484463426667,32.36734156451978,25.005851933358876,44.960357062733145,0
266.26073724486395,32.382120057967086,25.355816782823307,48.83525109246355,0
253.97657487793134,31.17906606681077,22.858663257166807,42.830762383237136,0
338.33030465695526,39.38086965846538,23.944692447643327,45.97820264156158,0
309.96942035938775,31.45284421335762,25.007165203665565,40.980398278802895,0
277.5454039033034,38.222977162075885,24.61067260995064,51.082641162747684,0
346.5345592656757,33.08773801165355,27.54485676563319,40.83126379640442,0
303.4702390287858,25.120183500541902,25.434811705454006,43.37510277869337,0
335.3789155219148,32.14842966106767,26.709807845272806,43.425197937726274,0
302.02555444230325,29.104458928185757,25.0187907091517,43.23024306163116,0
361.8224377464596,35.169513618411685,27.112576967492245,48.61247884721468,0
352.66022527329613,29.04796132162755,25.79505551314631,43.41671117631678,0
292.5310755456278,39.62987550357308,25.026840970776927,51.96962265270536,0
329.1471285286307,34.544620698234866,24.97343382208195,40.90762456934916,0
319.36127848755444,34.1120200262063,23.091122747418073,45.84688734971353,0
341.0589467259705,38.27946068893791,26.01383144027262,41.121070053437,0
271.0522961825969,39.81953467037931,24.91959053092724,47.104863912657336,0
320.5815437999532,34.89950624115174,23.99601607963759,44.92025136511615,0
331.75273460548766,31.143998502253545,27.212923541624143,44.22468977650761,0
247.23781540730658,26.130151919439353,22.499567948210398,50.94237483251762,0
264.5022446200268,31.5697512148241,24.155008209135133,41.72829064472448,0
238.823034667197,31.913938766760193,27.055437497559065,47.93257578809,0
291.9177949666633,35.53528726496148,25.631045881840507,41.15520043662604,0
321.52626767387886,33.27426559430987,24.904282144694484,45.56342600080187,0
345.07071156288083,38.43966486025714,25.502007086300292,39.02212335888277,0
302.22284341259325,31.935083643646553,25.358828342097684,41.6874142684663,0
348.85846636713876,34.71479416573529,21.966674907428157,44.58928477213568,0
258.59695625355323,40.91993721598445,24.301476229304075,54.07324583661539,0
248.89852681934536,36.70912606977483,28.233043309027497,45.50401935229887,0
298.3335690331014,34.69981229155718,23.681351730445666,53.27334157933353,0
311.5219634681792,31.990277790324114,24.363397971791333,46.101616458454586,0
299.0191575571772,31.833843016425114,23.916758473381623,43.06457877762531,0
237.9767369988037,30.746933735240262,24.825969553363723,52.69678261300347,0
297.32639881461637,32.29496567108551,23.833754337351404,47.1850881103671,0
260.8659149848544,38.778329193721575,25.97348300431612,41.786392030586434,0
320.09017646490116,33.890558643538654,25.394626824580534,47.352857297001485,0
310.99794738290547,28.251134653093846,26.547095230214037,43.53702625046195,0
271.8036064101793,43.84084646529892,22.898117667622078,35.05482901914352,0
1613.6604992471875,36.59982595572581,24.319319034234194,49.67986579632809,1
268.22359434333146,27.96528299743415,24.54855473677573,50.47467027820964,0
298.1196270818048,32.79075536379588,25.91129382017719,54.18971014996138,0
328.65426961503715,35.55443191414209,23.413557605585932,47.110718460976315,0
270.4282186099337,43.522960466486886,26.83130760851669,43.756382879587335,0
315.12139546553533,29.459437708705654,27.372831181035217,49.17494713689293,0
284.09227144882675,39.88020359677974,23.022255304728834,49.24910182659453,0
276.2138150321297,41.99743213486172,24.01825421021287,53.19140591568211,0
296.78908920136325,31.85672847462715,23.936136983415814,44.77686188466779,0
268.94273032741876,33.612431905698834,30.264772409354997,44.17210513716203,0
283.39052083958455,29.81845376313115,24.140199789584226,41.422277901207366,0
264.0636632223345,33.982694294598474,28.35525088431227,47.68731043362601,0
358.94175398749167,34.817050128285345,22.466736009786782,37.25869165884583,0
301.05790655915183,38.298249990411854,23.020698067671272,48.88043686431282,0
279.0082347602224,40.450917355102234,23.6267909363036,47.93917560932895,0
306.41939732202667,31.259519676891763,23.308621377106956,47.92535101229186,0
296.63015850927513,25.163374678870028,24.464202531683004,45.6911261825092,0
293.3709120140033,34.89377610361879,59.203186860069984,10.54738444713063,1
318.42500100130275,36.4676876498432,23.361316814530852,49.359967327134314,0
322.72523130141917,36.24708843842521,27.316943992946655,41.9646140431215,0
284.08496557168417,33.36663376245478,27.44758724502633,42.054104751511765,0
282.7254527806596,35.62376049831967,26.898592996750633,40.60163093292682,0
291.74844908545066,42.57722404176124,26.047997911168657,47.756416663877935,0
230.94236505793245,36.90867084481255,25.185486131559106,39.99930539380022,0
254.54426813404345,33.133157874984576,24.005938618668182,50.41696071791676,0
341.0062280233357,32.49901091452002,23.093684990489816,51.614866541727714,0
349.3490314050385,34.15073821161135,25.725991406865376,40.604918655247744,0
292.5289188133087,43.183699809153204,22.652739214906404,44.07225732703573,0
317.296708891673,34.08349645236901,23.012158141649213,45.08310490681207,0
309.3375046363061,34.90102827739646,27.30582651240962,49.419915802348335,0
392.36642425365716,32.588432145318485,28.801298083444173,53.04671687804939,0
333.5872473430373,40.494916787209824,25.786590276332962,36.57253803565711,0
296.16247225557703,44.79918627372337,27.21291430458929,43.40909641236659,0
271.3337867819872,37.25306524715694,24.508303365112035,43.669916522198264,0
251.80661039227283,217.22608023887844,22.324651627824633,37.996650725567264,1
306.1039090760167,35.18391416587117,26.224343237237168,42.57444990347969,0
920.9977746347305,23.07846605607127,26.13857864654013,47.13884472175306,1
257.33238871206976,38.725754321424084,25.143337107760487,43.60660548580221,0
280.6028134727242,35.67083207997922,24.515249083789776,37.27689415696293,0
267.55355989156817,37.14171025330363,26.924421157162197,59.370413490049565,0
350.61424905217694,31.442689029581476,23.028533933145052,46.3308893260209,0
326.4491927084835,33.07771560511454,23.452438842218683,45.55847065053337,0
299.7608207605015,32.94487531748413,22.983786986479146,39.51036818466477,0
344.3983241667008,40.108114920365196,25.169945925271655,46.303530809856376,0
1971.764807417839,33.10620081698453,22.824213975781483,44.17893107979253,1
274.1614739601521,45.41330161054899,23.631515638969514,35.55738293642297,0
345.6937223180897,37.154312095075184,23.588488875545604,39.64872279992792,0
316.16730131053976,28.621586700021343,24.478783335332082,48.97463008836972,0
268.8826153702063,34.35726853374022,22.025251107192048,54.720088250002206,0
294.28983965749177,31.74162438921792,25.174409984074533,46.835827025215224,0
273.7314523984573,24.028087650899877,27.494607301329356,50.515416391466836,0
258.5160080710699,42.99735470056895,25.270982744633525,44.22122345708395,0
327.7853264259492,38.51571271110002,28.082642289602642,44.56726919659698,0
357.2824992141039,37.666036589496564,27.66799637175385,50.45489513809733,0
258.0429727854258,35.82701830149852,26.55547009449571,53.313886445897346,0
316.88907710071715,28.08991215653781,25.14937168527377,51.505483467328105,0
280.4807229263452,32.58191430222281,25.04500077649088,39.6681846230759,0
285.38623848705913,39.208903873920065,26.52759954472652,44.66520554842377,0
282.2281822728339,29.743899851087487,24.216658780991935,46.38762342238147,0
274.0802769096055,22.341153418745932,21.234958497065072,43.70161018246235,0
301.4556488383448,33.86446996109537,25.98400810820592,46.93928771707798,0
275.0714965076689,34.2912122298623,22.73786274013006,49.102884058344735,0
308.11370477339517,35.677817082073545,23.07571754361923,50.014048759775704,0
298.49285671652586,38.64259321757268,57.28286717137264,17.077765828672167,1
292.83155859400773,38.188029061156044,24.80975024489306,43.35279447637583,0
272.7730901387521,36.29384902621961,22.17584878736874,38.17983417580343,0
282.69686008295,40.97765694043355,25.33098312826628,46.79117297007227,0
322.6617367747727,27.405151095933427,26.932279321722095,54.41905515592401,0
315.0275156287314,37.52290907238695,22.743316859468436,42.6151207002297,0
270.6733426560435,38.13269181668471,27.54496666169752,48.434234885318595,0
302.9799691628768,28.802188569598805,21.87965834974011,48.47872896236321,0
322.54161370115366,27.485646956588056,29.23464828874191,45.95721023672304,0
249.91784156635885,31.27028936762199,24.177479139033032,45.03462360521857,0
316.3008057713981,31.69229278742354,25.291233993653783,40.38285397139304,0
280.1212872316246,38.76709731751215,21.21593285502866,33.59168963789711,0
317.1179600577948,31.927306081544526,24.875727867061382,39.440746466679855,0
277.1022253037245,30.71825740859398,25.456964355436384,43.0484792544415,0
245.85353698006443,31.941831316527203,24.82767579180101,50.487113437113535,0
251.17372686350512,40.59316167077106,23.873837845895252,44.484359688243124,0
301.4425483998415,35.06521687188476,23.10687096294437,42.40487140540926,0
307.79167505164446,34.10374487321544,27.26105323907462,40.54507279023285,0
272.8705012468677,34.44997250649474,25.0616142699959,48.2840291425474,0
319.15777376332125,41.460301671632614,28.081504753033546,51.791785832153025,0
250.1543981319312,31.25414136698379,23.947035290410152,50.3171786093373,0
298.0176060405805,41.57754145470052,24.130410613255567,48.03074849879235,0
263.6695140071263,36.05248149460752,26.631188489192326,37.6219362680853,0
280.4449167659352,34.19790309012326,21.754050075992872,43.241628785781145,0
301.4219601394924,47.50450248967141,22.573073279694153,54.736521144448375,0
274.1875990414814,29.72180255100702,27.194969942706326,50.60975245957612,0
288.46333367310524,33.23157120216497,22.65613214155361,37.31248390882637,0
330.18878427643324,28.83784380418,21.361897969394903,44.722047384003645,0
282.6932439143055,39.76230985268085,28.737054376146183,46.815492163305194,0
325.0707633619543,43.44594466825839,22.212364704251588,41.1892076848689,0
266.1087943602715,43.34961390702319,25.36823879665634,33.45397989295576,0
315.8941253374585,41.11974376573002,25.138170385448543,45.494120225082156,0
343.247058619737,34.01189766102017,19.378743366763835,41.061208711897805,0
225.8506649961813,33.17379511255077,24.46536595366438,41.08079130457658,0
276.0931423358857,26.644151137529676,25.89682649895822,43.22659820034621,0
317.3121638154162,45.17936767590896,25.70861876303772,44.33162042672594,0
293.9086384187102,37.344890390742336,26.807041367607003,44.954586029521565,0
311.1343762011393,32.54021547565259,72.74033438413299,14.445658071655723,1
281.88044439852536,41.640284444934835,26.425008884184322,43.898952351829614,0
302.597693624187,30.136177416199995,23.621341863839856,36.212883147986226,0
295.3296829382376,37.03311017111337,22.17906516717445,46.55519532684039,0
335.0334618497942,34.13685432854583,22.404543248637534,30.718622933294213,0
307.6326252990364,38.1933856994015,22.07577908960917,43.5525495978319,0
310.1280798622561,34.68213230406939,27.01917193578239,49.59593076838477,0
287.643691016326,27.745360544443876,21.970852981882885,39.70329656362587,0
285.3718132778252,35.37788186335019,25.548077681298608,48.582151018287,0
287.0232543654114,40.24432070937681,24.468151611855134,50.778663560604464,0
311.8335642713489,766.7352645456411,24.794702853098737,28.46050023751306,1
287.37046557539213,38.87557560794543,27.7272145903994,44.24318548212129,0
308.6932457068924,29.772352571629735,24.123145265569452,30.621132861858623,0
362.26202395936315,34.86869603365074,26.223203123099367,44.40895777214527,0
326.13374110295075,31.877447724557115,25.075126702762223,44.96414394509337,0
290.2192940349648,38.73490420052355,24.695962188734605,32.58728007044581,0
336.03641766491836,35.15745781130998,29.599938248772947,54.624191810399324,0
287.75773880935344,38.45036838168306,22.11731650856926,46.430079038173126,0
238.8562639446644,40.43855213078933,27.57826367087489,40.754882839589825,0
269.7574106724779,38.458092875606944,26.312813130979944,52.326897137492594,0
243.87624236922434,36.36559217146822,24.04095001073643,36.02193389678842,0
289.4545954787607,30.008938707442972,28.258637034883225,38.854144832408416,0
300.55255137568656,34.986069446665496,21.303779775222928,33.50272238165051,0
350.2931193682585,32.334547989920836,23.956466685401857,54.00522598269667,0
309.80782121292486,33.279680216478866,22.583035591461847,46.66173185736002,0
293.4269841357341,33.12732924624875,25.82416692974292,48.297008949242475,0
324.8821674355047,30.10037212608878,22.773871797625645,46.50500616959238,0
233.66594072976343,25.213307054330052,25.866127893482638,47.86883880572292,0
307.068436743257,31.659284758361167,24.627127168356893,45.390388569479946,0
323.125955816609,35.966897259620794,24.04129211468783,46.35460671353721,0
255.64241262660477,28.25911477286255,25.77729449206662,45.53801718111475,0
334.31262129620785,35.078411182358124,24.462756752123873,41.95704097215361,0
310.15489222483245,632.8800413819345,22.822730313881923,44.766876173926654,1
287.541362582976,40.115282776261196,30.602745979269958,46.367972866308385,0
318.98345598318855,43.21770754560264,24.02566563394171,45.552745597760655,0
368.12078573413186,36.955639384663634,20.56478183969597,37.611139461233414,0
305.45598765175487,40.83754911493223,23.31580262055722,38.275066656957954,0
307.4466175890101,31.380176347661063,22.46544662325454,50.41420716958196,0
286.21917301379267,31.77829866489008,26.65229123208103,43.465029770582994,0
274.50466891605623,21.304298969312637,25.64330531918317,47.9236267351797,0
324.91007449632735,40.93072737021149,25.797425603580688,39.53940045138802,0
274.317485222734,320.5883867846266,24.25995506832551,37.63427061676735,1
1652.8822144256696,32.23411377326365,24.441299505886157,40.78201693734143,1
285.6702765970465,33.73024146801382,24.258137792784662,43.88717464614293,0
314.3693947723918,31.230689431545194,24.83761363172906,41.67429850357794,0
310.0098631586084,36.91326775738746,26.670666870729672,51.46966761552857,0
331.126198327737,40.624662726516206,25.672150825010693,45.89761650768731,0
284.69950803435756,26.286140130594795,26.000225659241732,54.24469309280929,0
291.90375194119883,37.04719265321126,25.999117816498405,47.02204077035709,0
270.63708852653076,33.61664114140427,26.768884874763476,32.93724591040095,0
286.67120219771664,35.566971959833445,25.576300083080508,50.28020803229277,0
311.3190147913456,37.29497000837146,25.717696145357838,37.452241887650224,0
322.70965849936056,34.058987806135896,27.37761248238631,46.1526683360567,0
272.33504027467126,34.482065732971094,23.669908163993775,41.126579711680776,0
326.0881776031698,33.930624162226806,23.288514840096987,55.71355517232093,0
340.6691357641485,39.85158100894141,22.62815680162629,52.19798963715068,0
312.403047096711,37.093799800637484,25.365829127240513,41.29089679149121,0
356.303874376742,36.1029176886868,21.292535517561753,44.363211659394445,0
276.7863240268928,28.645241394538587,25.924308192119355,46.222990348246086,0
262.6603589006575,33.10710128393423,24.781613810998895,49.31707035780805,0
246.63839253287165,39.493345801695874,27.269279399642112,45.14575956162506,0
344.88132934467546,35.18848286561961,23.656165379070018,39.875525503095666,0
319.6309696906217,38.297657347945695,24.593363429164988,41.41220680399974,0
298.33245987268634,43.83255900163817,27.244406666586737,44.977591018116044,0
308.3990587895946,40.19303034604408,27.766271293556304,51.17228489382345,0
266.2353285810487,35.46579168849871,23.63969526849636,47.13918930268022,0
373.3725593885048,32.44505414902137,25.36356246517432,41.13292536692492,0
303.8766354592568,22.23225201972051,25.588837955368096,48.24186388854895,0
303.2818438381468,34.15807538763574,25.747306811242296,43.0650758056092,0
321.7729987169608,33.369937520915755,24.474848681368755,49.45204002593421,0
314.4302769521014,36.951830971976875,27.56276679624727,57.635052091643026,0
306.71652072837395,34.23047386512656,21.22059303275691,43.20586814528225,0
276.2857663366406,33.398074702816025,24.157739530397834,49.008025798631856,0
314.14405071407987,26.103005347463895,25.895861465545895,41.27303333981135,0
356.460734894251,30.30016085424967,25.914449623898687,44.438681164043516,0
340.36260138464934,37.383255204002786,27.705518061229526,45.147811434360506,0
347.7955987991819,43.57953815566347,27.396450786402575,44.031581699778094,0
284.66352970706447,34.51237308127188,24.428916749385554,57.31506844387512,0
270.3118553922426,36.63905536787062,27.59974248706121,43.46703462660809,0
296.22639239701056,39.76239078476403,23.57191651244509,47.93425769392434,0
301.6717473686608,30.945530318998753,26.861774765583675,35.34956565338284,0
332.82574555412845,36.83407021642721,28.621044956841985,47.15998281684805,0
249.22606110855543,31.297549468339206,27.429888213709937,50.710272961761234,0
345.8865095838184,39.32412219245506,25.211540767048245,42.362013287104745,0
295.2597630426303,35.757015239758665,24.336442456455757,32.44888929479794,0
287.1935679015774,734.210897877024,21.942817407481428,44.80674115586338,1
269.63686874219496,31.087007012907055,25.621079275828407,45.08591925192764,0
250.3542998440269,38.53516179805393,22.76956554405816,48.62037525372152,0
324.69511751885744,45.42356460615508,23.413730672772125,55.05451517706717,0
302.19953901565214,29.960441522858968,22.618508398526657,43.099731746998465,0
261.3011730077684,33.30120496176238,24.07921533468669,40.7185593816986,0
261.1476368380915,36.15803737084046,24.944061171026036,39.165410993142785,0
289.9264590212961,38.93203105997908,25.547229162331412,45.990393085158,0
350.0706457586818,32.20226857355266,23.798986729172075,47.39677129409251,0
292.21225945909185,20.8348485492863,27.138567412790366,42.271723028187075,0
254.90571140645682,41.795947470820124,24.583589484020067,48.89341372862895,0
292.6277080774217,38.802530597920715,23.42455513346896,47.32692038409588,0
291.8182929075699,26.285262347566672,25.452584534486874,45.216158448224455,0
219.09340071175285,31.96215604110222,28.92710566708763,40.48792639627937,0
298.3711540044656,42.84091214763663,25.670321133070235,42.59067842257638,0
293.07196409373967,42.23898209228933,24.274288745252786,32.85122351158728,0
320.88619094440253,39.693200113394724,21.945077287762594,46.17893532099017,0
355.46868284836034,34.11943783020069,24.56117535805586,45.13170644373718,0
333.79695088643274,35.41493709406255,25.469856250176232,45.94239495544743,0
291.9333392833551,34.34537097436937,24.22483821748886,47.5215950778228,0
266.8042227377499,40.64119891634419,80.33310142076095,17.0864505817696,1
377.2007940974958,341.1765013645252,23.298869220993133,44.448084096769826,1
301.7765530204347,30.971001725578976,27.909076921775515,45.24334021581376,0
300.4178787573884,40.05137293418008,27.868002007460923,37.978417916519156,0
299.2762473866999,34.77819272244219,23.226721661590805,42.08139677155287,0
305.94254282303564,41.89233677726904,26.345513574398844,45.252355268417304,0
295.6691876422817,31.64243896509727,22.642854430459654,41.320732120438194,0
282.7901397935929,34.72610819830587,27.808632563989903,49.30075397936273,0
283.59423176278824,30.387935075780234,25.49047169578847,41.70683959522485,0
299.01740189352006,35.03681340711783,26.89928299723307,46.08152705624158,0
283.6972568659871,27.607265315006007,21.569813305634923,45.582828284076676,0
278.6146265196851,32.56183289522519,26.355274203849778,48.73138796805205,0
303.1929068307569,27.81873067535941,24.984651872630995,49.50395587014151,0
292.35068347737433,38.46961616595629,26.703858141581684,48.470163054839695,0
345.1197896574806,38.58294669879826,26.8297355961957,34.46996899308433,0
220.47090574820965,26.348686347578276,25.1315693789495,50.97074074006564,0
332.74520555767384,41.66942872750286,23.79834072180817,52.63654112097299,0
337.38255577492885,47.48707563209927,26.559392364358988,42.589378578392655,0
237.7982930277555,35.23003193368171,24.879691001189745,46.18323456336425,0
289.71937217758955,31.794428698876775,23.254430092944716,40.54584159934609,0
288.85677402012624,49.12165295501523,23.15969553708463,35.25810746633924,0
257.77464915846537,28.405157508487445,22.045671167375236,41.30642367228807,0
276.66549937227376,35.100532334345495,23.979417680873873,42.299304802681945,0
266.6827246360251,35.898111363159614,27.205384092148755,43.22574634324092,0
352.5681133027087,41.72573810226207,25.355659599410867,40.20542954997006,0
328.07035179442386,36.79869487563394,23.94046458815392,41.33287416591381,0
338.14665284982476,32.50683052105774,65.28459728460483,11.983186847774144,1
321.65016192129707,30.24407814806022,23.335046756553222,41.14886508444929,0
266.12844686348313,33.29089089876932,25.190700548665557,47.71762166275014,0
284.2643920116068,29.96536319527428,24.64073925454897,48.408303256987196,0
314.68123683683757,35.23912659892341,26.558261251176706,56.90193873082245,0
263.3361657332416,32.179019100697566,21.845543258160998,50.62839966061731,0
321.38995290517164,27.529811033551248,23.299604508370688,46.21551529164207,0
292.79023805525594,41.27572894187452,21.723508681810934,41.898678516661604,0
288.75537577351207,32.5116373828548,72.96602310099009,24.21202255566041,1
321.32879904610473,28.659315975123437,27.42285500726486,46.63297979958178,0
313.32789934458117,34.15870432756229,23.989105580692947,42.4334345549717,0
289.1710150254276,35.3418578298383,23.978632123608698,48.918656983764386,0
334.77989410092744,26.26766637210483,26.743448848368274,38.009509926590624,0
267.5681001720031,36.658238335628816,27.137099116910598,43.77800082231245,0
318.4780682083279,29.764212156548677,24.82285786546242,47.77929229658703,0
317.7930377390515,43.55514404595394,26.369429708099783,43.56207926203952,0
290.7136068205803,37.619802560383675,22.84609091824411,43.966227982853646,0
309.78399066726354,33.00050004945342,27.755948667850827,44.3110706940386,0
262.4665927084409,31.27416114841325,29.297412587874103,40.82199379656127,0
327.72081057620704,34.47516146218188,26.04243158237745,50.86950465787104,0
294.4529359067103,635.7570371580691,20.8313367573144,39.909811640385925,1
284.3183093844288,34.872529357074,23.883539475204433,46.59079663704943,0
331.4702767751067,33.91420596431572,26.225650643338643,47.068239491411866,0
278.8696892837172,35.291851454089475,24.157034005667274,40.25689049395517,0
257.74616110909324,31.980705343815227,27.544397108500196,45.36552127190372,0
253.30112479428288,33.28397036578481,26.17631452887173,40.45183913627649,0
318.18029854036917,24.57103780547498,23.587048998468408,51.95521237527973,0
261.5871194251115,39.86863115426184,25.064529621542505,39.306085315118935,0
352.64382545953094,36.49398890160881,23.21233355872182,41.730514528840175,0
237.54211776348833,31.132720779832848,24.634830243175116,38.8788749582221,0
350.89369104870116,44.49367490677619,23.890813519134895,38.21150636566224,0
306.3305240160785,35.435082401961935,27.349523600466078,52.956076454411466,0
297.0986066438882,29.819282140124017,29.232024113661993,47.71387336956281,0
283.65242739573154,39.28368710735229,22.137623333528495,45.70146712850272,0
311.97408343056213,36.99024108254631,21.153567427580494,41.71711518326539,0
298.87095892725455,36.972899927421096,24.509655156297228,49.538059055233845,0
333.09905646049566,32.87122197674205,21.963168602342634,40.87888780316273,0
303.4268294598612,37.25247861889017,25.092423207341835,48.968196471650515,0
304.50905284385635,33.69120854889453,26.497872227611854,40.63744361697182,0
289.0916336335843,37.77970725822921,27.98828379453365,41.77746149062164,0
298.29163128836797,25.475277729946807,25.40278911743056,48.791411930589604,0
309.23405306676176,32.83063268510406,24.61368955030084,49.319136720778836,0
248.69494822030123,43.610775489040975,21.04323016685383,47.9873646694838,0
259.5544373368286,31.1646627229985,25.052370298371596,39.75162942121602,0
322.29792282068144,31.980808512534068,25.142574521098922,42.766365671385856,0
305.12596314383825,32.76019330775012,26.27791362842549,45.78449370599257,0
294.4804999094196,28.925969320556785,23.583023796941816,40.75359519044954,0
300.5530179919618,23.95859611885874,24.12989479952828,51.85481380064647,0
310.4274511608501,33.847068007381935,22.04399548939163,32.99026528024727,0
283.80720959071914,35.679297120408286,20.41741438623187,41.10630242315423,0
276.6508582379306,579.9736307121874,22.783005818406433,42.45216748565084,1
305.87535765293046,34.275607190260565,21.859348371493965,30.78028167614116,0
270.648816671549,35.21520435425194,25.673424590841222,38.01885434881905,0
312.24758267143415,40.11420735775382,23.963731886666285,48.12644756271034,0
248.92249187286478,34.047769070353915,23.923525739850422,45.15141818276482,0
330.8746691197693,272.1078918033018,23.031173907649574,52.86568011021451,1
314.1779244723913,33.59437257555957,18.534869134975132,52.726132229424095,0
307.68089202941627,37.89673379878388,28.016621497495102,47.16523189301974,0
329.4807295183654,42.06013439271625,22.999458954446425,46.56619124500356,0
349.9642333338773,31.85928130415411,24.175159860300187,45.3296555428945,0
330.4311019505439,35.49466893514442,22.09021566942138,31.72458991060255,0
244.77377306005064,36.691787209679795,26.94386068688127,38.027202433369624,0
261.61269099792895,30.037109966355885,25.28685787407465,45.50337751549467,0
281.25544266912965,35.10208583606459,23.347269429468263,48.080128543738354,0
300.78273150632504,27.671630713289524,24.215540777311954,46.4483490606907,0
315.5297706140737,26.154748481303006,28.35635984424974,40.53767516142171,0
278.227685605396,36.83373203946128,24.854061136237444,49.68703141234748,0
305.60300293431237,33.080626293346086,24.63653292476819,52.41222014377318,0
277.3385120294003,329.9318204461598,23.11723702772147,49.6899480014567,1
281.6544659102415,34.91052511495825,21.210837699055393,49.94799664795235,0
257.80016709455333,30.117999756681012,24.679922652841313,42.20387101022395,0
272.30300261667287,34.773728490178314,25.650970224649235,50.379670613504,0
259.44946183151,28.834493474925726,27.19916892865534,45.728793196638286,0
270.72380241068004,41.954861790007,20.50300693100069,47.55777764261003,0
331.6092538982352,28.220148275700183,22.749807345953943,46.82715921412355,0
271.5180333350417,34.021073645157095,23.838517818887098,44.39256447279794,0
378.97146194512175,29.78864205976376,24.993038302853595,40.69998762438849,0
314.79953702642666,37.85210586680398,24.709932616943153,44.58931668222977,0
305.5450837108462,652.3246067528553,24.75662262862546,49.933808087414114,1
274.2492665945636,32.40666640189395,25.816192117139888,42.792620973435454,0
321.0092963822697,39.26600772525777,23.19341377844178,49.46673631304073,0
282.7308652128668,35.147152958387764,26.86828288446739,48.68535335308836,0
303.6602944393608,37.58322222967983,25.866904883398963,43.50531301490085,0
376.80253614806384,30.093370317412678,24.36033547174384,51.94400051809788,0
297.1182030082605,27.975915280362464,28.20181598377783,43.22226664404647,0
334.4781997885703,35.53603981020067,28.112832071143533,52.54773431306316,0
278.9047072462234,33.40576822252634,26.865790710387618,47.170634907704866,0
298.95034528509115,38.13217336226972,18.962886458864414,44.92067040773243,0
1945.4105687259655,34.600457736687254,28.15789018543595,40.560993098311734,1
281.19098826636696,36.02537669617315,26.589517044943868,44.55869884932479,0
354.37345673990785,26.88308735029378,29.012817275425874,43.9812024325279,0
321.23255806366427,44.44218469807128,27.474929183467076,38.70851807374547,0
283.12599672317197,34.17879007483984,28.156685354994572,43.911922886411666,0
318.9722321716656,38.487934851696,26.757309700360757,40.98098409951457,0
329.1766334888019,30.81954164890187,27.697386397291023,47.92995884489391,0
318.6542988665159,36.54004951108671,28.98824748146888,51.53140237864101,0
252.8932584032863,28.485776182376274,25.43310947675641,38.8654216185238,0
278.18588472525397,37.26033919129836,21.85553891184374,53.561538641834616,0
292.57444093345487,33.22012957807084,24.385078199969715,44.35724482807435,0
297.7669971269986,268.1829283399506,25.779891198766872,40.124893075307426,1
318.6201629265203,38.48987015065049,25.149775168743115,48.78877390104092,0
305.3310300279976,28.8372984438986,22.506876067681148,42.76772760872476,0
259.939669238697,31.577541346936016,21.737864749610043,44.59131661984253,0
311.4059355301789,37.28662140543383,23.517674662730343,42.9786087789396,0
318.31757235851467,45.49110737273374,26.615479111968302,40.9163103406755,0
316.7937134379312,34.30958832669259,28.16067954164594,48.61998516200952,0
332.4234217666386,37.95568058961966,26.833135227555402,43.56849298552906,0
325.01766463646715,34.4651426507076,27.11485457422827,37.81674103910377,0
313.7754023768531,44.7112279737815,24.838368853672886,47.75530062107966,0
297.8950286562406,26.263891665173723,21.515835084588073,38.97208824488122,0
250.17117199452028,35.47310522334679,24.089558838234588,39.233699136623706,0
312.8885465739776,26.872279832189694,24.482471176255242,50.96303102488658,0
306.23063061489336,22.467142147316416,24.005895026328634,39.01830050394894,0
308.1473651158612,36.48731026558909,25.109389730749253,33.41777571536255,0
261.6975427253907,35.6974889807373,25.8828395197859,48.11430742480748,0
267.56830378775214,33.57581531128899,26.706030376486996,43.48068285259435,0
331.5945855999871,34.469029549801235,24.443760271267333,43.91172439430942,0
298.81334538430036,50.49149717035629,21.192481188710815,43.427498033249,0
320.44502092117875,33.70912430984283,24.03424456141773,46.158349695093634,0
300.8495512839138,37.550621806250376,25.087420793983966,41.23640379048466,0
300.8926841848723,31.753175901930597,27.44561584426682,52.380574372828825,0
328.1485141792799,36.476162875203016,23.86438431563179,37.61884759845301,0
284.5186581534788,33.80883162472191,26.025087256798805,47.22437458338562,0
302.8836233082295,32.94740758635135,25.580175799270865,48.21060501938292,0
286.1317413388487,44.094492661001624,25.087801066246776,41.20174119583311,0
286.96511317703056,40.8859248159217,26.861066638649184,39.881327773610906,0
290.7248362959408,35.683733236996154,23.67831760649484,50.08587107085078,0
306.6640131490114,23.478940320280167,23.84962710071297,40.04569622991642,0
285.63754135009566,33.19495388373715,24.976198353811544,41.96668029624717,0
337.6726837672056,48.515137822025416,23.7197069898126,49.436544812298735,0
273.1617809334149,33.84669166680146,26.0160245821092,45.17370616769512,0
294.39385067515923,40.51608786026829,23.573615391267737,36.014281661854476,0
286.8080682517747,42.209712009763,25.452608415490268,53.735295722767574,0
343.409336530612,36.09481957927988,24.79965446242649,42.34994620610017,0
305.89664329534725,30.79089184065924,25.42985192955341,42.986213550467916,0
330.95533618405904,22.82343834108556,24.08051720987392,46.27892126163183,0
255.43318880889083,38.42081604304477,24.321823410946347,48.12538398502036,0
308.0115079760778,30.92621998588226,25.1920185359941,54.805521456457335,0
326.6889238687031,35.88075225943846,25.404149012322627,36.69965925297152,0
302.46851967826274,28.75089830205318,24.991596169217686,49.12976104462973,0
331.96441125196054,33.673812297648986,28.41072471302617,48.71504847025039,0
284.48134649698886,35.168595274505265,23.018526162517432,44.31417544562942,0
342.2804232055674,36.34296790522149,24.87159241009457,48.936368474081114,0
368.9669437085775,29.42588906323793,21.85274195576603,49.671370088182734,0
289.1148431868102,40.98455474380676,25.744162957334773,38.09018607506498,0
286.63492435797684,32.015526076340144,22.769506927246372,53.748832529404154,0
343.60153431353103,26.627652697733776,24.443379488246848,37.20618873430929,0
347.38716437192136,600.7156751492586,24.255871349337347,39.32341859380613,1
284.31419918540195,35.1718765451323,25.56178225320234,43.69106163187952,0
287.39439548712426,35.8029471658588,23.89441816490964,54.62470256593528,0
291.5464617341848,41.8106620184254,23.809388604612035,43.45871685123307,0
259.6664846689717,33.817755816320705,27.871712928171796,44.84033054974595,0
272.44044160547406,34.401901878156146,25.569133580949053,52.160393019522814,0
269.875776997438,29.484078093834533,23.877898295955465,43.498409287172635,0
276.96607304687615,39.102767514439485,24.49833265637754,39.10781643534662,0
298.9594533783966,35.92154532039052,28.29070990454149,42.91382582380843,0
307.0264419760956,32.89986136352918,24.529670243497804,51.85395916902889,0
346.5150147844223,25.476626532672682,23.621446753695224,45.35432498527568,0
270.0493787778363,42.22206097527544,23.630007699747214,54.6532912952813,0
329.5296719542975,28.861600177719716,23.901747038020844,48.68967463131077,0
872.3046472567988,32.043609953151474,23.811004555146557,41.77595531803259,1
298.516088710427,36.79172255538002,22.440704303301516,45.25538152232539,0
320.2445847649981,29.017210356916568,22.751599806106043,40.733909409290604,0
266.318339353131,27.532451108734282,23.34135925127726,41.65783484675615,0
311.47229238552154,24.380262086496675,26.183142036906194,67.39542125512878,0
304.99356624639165,38.604984764528176,24.237525425454255,50.093122550169056,0
314.77353792024445,32.27406877636839,24.58567662181192,49.305489945033365,0
308.67505931723457,49.63635046236665,27.540176050509793,41.88409842345968,0
373.65900419732685,30.02822467184563,59.37275595854856,17.546880934479873,1
280.86780047246054,30.392744882855393,24.43575011372453,50.497078008964685,0
284.07009134994547,32.17303514857299,23.738272978633184,54.40810644678886,0
281.3057842072571,36.215673275692446,23.271139372652925,54.16557074199225,0
283.33568642519236,32.64898330607344,26.385551539416475,37.60455355951239,0
280.87838618080445,38.06166107001256,24.590585532955423,39.45080255365046,0
1411.0028114928807,30.10705805005673,24.22701021935442,39.98106092268182,1
342.61512743969564,28.092041407682096,23.372670849724894,40.28029678333782,0
1774.39609111873,26.008926302954464,23.46066718197722,46.61726182130195,1
275.02933280687313,23.882129160314015,25.640116382986488,42.16598273952091,0
1392.0749936312893,32.409654902624716,22.369123468225474,55.362992703812594,1
283.43330867157084,33.49509843803389,26.98973738757588,54.52339941040819,0
318.98795453266536,31.842814862584085,23.932310712370164,44.9676920296048,0
306.087690625539,41.21702898593581,24.700728111496414,54.77663108074895,0
254.52767655008304,41.14015104804068,22.32604408371889,52.440673136201006,0
346.4251560399018,33.32598506277749,24.97526812351527,42.746467204113706,0
353.8763301928656,26.030394434040186,24.34335811461888,34.95392327987219,0
281.6163392854684,32.16647445972473,24.899838802287068,43.91015807519636,0
288.3689532019205,32.000893030414694,27.94341779672378,41.77688934460763,0
308.57596172174715,31.71432518860971,25.35539609158048,46.03252812572915,0
310.0337036996108,31.511405480508774,23.410681631708393,45.44614143437374,0
319.75632818018494,31.732685521375963,23.577360178906865,45.31508829449614,0
360.30613616299047,33.0672919205112,26.190262371827536,47.618423706895825,0
294.6915831751785,31.822294505922216,27.597386581986846,38.93739026458161,0
276.0510826638464,36.04161254312796,25.5638360415021,47.05680138784854,0
258.6204231595642,36.8018435795243,26.377425489109537,42.80191923491497,0
278.0720988017424,30.44677456408755,26.21947544667341,45.99991099931844,0
299.0061908137861,41.355326630035165,27.838128826715042,49.78704922616095,0
353.83673590553366,30.099688490796932,21.100819654547934,38.87800113389485,0
284.47166102891487,26.910996930923314,26.334437878609055,43.59353173665215,0
306.71363854916694,36.90389035682526,26.967472087807128,44.40732882985568,0
299.50731311781743,30.912959327928302,22.322552587728854,42.428655142146795,0
335.6517982034425,36.60645735378694,23.228663631987168,49.49914748066479,0
375.80797277620866,22.98165699449735,23.298434502743692,41.39805820599764,0
284.0739368123904,41.962279707415334,23.542419607245233,42.22299800278831,0
285.31681672445336,38.36146704020201,24.03656589812895,41.450404335239675,0
331.32482631207216,27.49761725418499,25.485205626109884,50.460277057194006,0
320.45674468878934,27.60611438076857,26.73134930233474,42.537779437938916,0
355.401219772081,43.36132952048764,27.16263391553707,47.30022695441778,0
317.5178455597789,31.313100482510205,23.324353877664436,54.87852550615037,0
289.2212372763882,30.82907575633688,23.310594002594033,44.62590789824707,0
317.71964492076927,23.669739529253587,27.631643680032447,50.560303400165786,0
333.2611074174872,33.24610897199223,26.29348787083729,53.35677042046564,0
324.6144654359209,33.861401925821234,25.165729683737993,50.13595780020207,0
315.21822093321896,38.577465483847426,25.946673351109933,44.9159934201113,0
332.0002406876746,28.004607859077623,24.94039243629712,48.21053879499307,0
335.0788677133702,27.39856603879695,26.049169366095228,38.563107034323274,0
341.46476973112584,37.25481317388238,24.32786660698852,41.09978420925024,0
319.4612966276893,40.033650356135325,25.537609868878462,41.97662409184041,0
294.98645759049435,27.144238244410584,21.978907899261007,56.20306060087141,0
304.4014105929997,40.407570431498705,23.62443141034914,40.93707742872367,0
336.19526899525073,35.18770920743411,23.64597764641931,40.86261624369085,0
275.49192987038293,40.45902669537323,24.25121993358617,39.780395098755086,0
311.06019926618706,34.64889819241192,23.146973490440505,47.79905880965381,0
288.19983563017917,22.388610412560247,23.932912748353836,45.713106963344416,0
300.8623446880445,34.240163088419806,21.97117187520376,50.433794885132826,0
338.35355587821897,40.30071909335635,26.0974009527898,48.35629833038677,0
305.7329720405971,30.53126990458143,24.83497296217721,38.098050766379664,0
301.3930964446845,33.06017515546274,21.589584784447965,40.96361114994814,0
259.2043157706024,34.119332482245106,23.330340178906653,51.82664374137911,0
322.3876069808166,20.50243060065759,25.673202855124334,43.98350877711597,0
319.36452543423223,43.356737877187385,23.913956107228422,50.93795909009006,0
364.8976416991638,30.493121600514126,23.606117079723806,44.251595260423414,0
290.76665295141,37.528677162364,24.850814645983846,40.161717858557395,0
306.57450982991816,34.56649431925896,25.68719507035643,43.48369611166647,0
307.48151051132265,41.2880952817968,22.12729508592168,40.15975102225152,0
347.3235983929042,37.0302806121404,26.100256962435758,42.172236187987885,0
297.14113402839143,406.19017905201565,23.399413436785245,46.00462853282623,1
308.3706457731102,30.5324245374036,24.964144063500402,47.558025451845104,0
318.2368952914962,38.98925350691069,24.92915971861698,37.04904338372851,0
305.59827369469076,25.632793480226916,23.94586776352045,44.91315996245451,0
286.60699156348414,38.229452101379465,22.95268050773857,42.06692132220124,0
305.8226997869492,29.50477624222564,24.428626903815474,41.75792595520594,0
332.20895249579314,41.2614183097832,28.25066061815039,45.66342309566539,0
269.2045410176682,35.806497713313476,22.276649939072737,42.24774063655394,0
303.98909022440625,38.22061883925054,28.384626038209753,51.91068997423337,0
278.9963755518248,35.4099440691236,24.480557657846933,50.940309381255304,0
335.8513988677453,26.238114524295018,25.070742834177278,50.9091414697102,0
254.30439285648677,30.696354183023306,22.826578377230547,42.52544902254849,0
283.2323445818524,38.36194668805691,23.45746116664504,40.18750582540339,0
311.31635625193564,35.83327908679922,23.994180699923962,45.410149646940575,0
346.9657208770302,40.90494952652836,22.908610058244175,44.24825816856866,0
298.02749216781035,37.01637281518586,24.582164085258256,41.95588418788317,0
283.344014199204,30.166490546486703,24.185968216386456,39.12132776666519,0
356.4347120832177,31.01967931139683,28.701562284871468,44.792410153659645,0
256.55958298751267,35.514586952616185,22.668051628639077,42.979652748737635,0
234.03582130139753,23.429779669999473,25.205381033497176,48.4417351851901,0
313.20043350159995,43.367209428114926,25.49569256380365,48.3255302576074,0
284.9383732694217,37.208733681887786,22.859358902696325,50.503999027113586,0
269.3630154860786,41.13517298524436,26.373654990905678,38.70352224059981,0
321.2506934189806,27.096980295954154,24.203345974236743,47.005291538468164,0
307.31402141313595,41.22282580177628,20.015220696833865,41.36267146883164,0
283.07764107789814,46.15749455513874,26.31969922420913,38.89792894594458,0
261.59086803987316,28.395608223113413,22.76611823179527,42.85698881525645,0
1760.8188277116974,38.857008974518834,22.9044501077218,50.34352490067309,1
319.50603533875983,35.00554972343647,26.375804165784796,43.138408232147576,0
297.0247240866185,27.27783075875878,24.3056770351631,52.827273299795564,0
355.39910988143,37.46441985925935,26.835544301103,47.744392577601666,0
267.8974570102154,39.16801602418674,27.420332190730637,43.029547605097115,0
254.23424487225785,31.994367236655766,23.710143079355404,50.80024214453204,0
279.2427579035627,40.829582601276115,26.58652499191006,47.22698386057143,0
298.6324195093351,26.666182966054013,23.489078397214236,40.33720305776647,0
307.30018347968075,27.526219267751777,29.466231834264352,54.29401317790258,0
292.7629182643101,35.68298697794376,23.61408599093757,46.29739411543238,0
310.5616618954289,35.12692638986136,27.05217488192001,45.09398095992746,0
262.4538172742867,31.417132557879473,26.68758005176315,40.722336650471924,0
343.3129381221978,39.04797217985943,25.632175644217867,50.89769133803869,0
297.53546464822296,37.654471571079746,23.658913677166634,47.58637713680653,0
333.51887494764384,39.29069535467008,24.69720501611718,48.1461909014762,0
310.28176039133115,34.38431782323866,20.692823774110895,42.46234328237116,0
313.7025965746135,38.012901339891705,25.4488400767645,49.17050285955034,0
317.0930184069661,32.77174848485003,25.69923066205677,49.559067967854006,0
313.43125680051946,45.26909345043298,25.266998838122742,41.65610880609439,0
319.2816827960263,30.93727114939007,19.053387657414884,37.91504930159505,0
339.8745759039729,45.52648714729156,22.468727109820378,47.90686529669462,0
1285.8387490611194,35.174439735447045,23.503818034302675,37.1332652519713,1
321.2701127276554,28.122445552156286,25.583317866378092,45.7600788891889,0
297.3079291713832,41.840396752443006,25.57867781128597,42.76377447606347,0
343.20351646348416,35.629506941974796,24.659552416057643,51.09332605394461,0
279.7082309382219,39.25562049190119,26.270491073207914,43.03578054616396,0
354.0282129873245,41.119279592712964,22.9475152493942,50.53636486001902,0
298.7952614806697,36.68977777072513,26.22047001138799,42.42895277818487,0
257.07674693645856,862.0002146875385,25.94948420967978,49.99995502529806,1
303.8431324473237,39.87856688834625,25.755109465675822,55.30170771918416,0
279.56845027575355,35.00377753727298,24.635919137828687,39.659764308168796,0
325.2193064696617,753.9639895632745,28.661487649662522,46.46017860865454,1
280.42128062092826,24.231347131042693,25.986391376979757,58.74391207955033,0
286.6144970035566,764.5098354945918,23.063328273492882,45.332944134514605,1
243.31377807163406,31.80707087427485,25.49661095147197,45.30894135114824,0
286.4308104225277,43.26654818589265,26.504966754148438,48.9424947367551,0
227.2836202011313,38.11543673944548,23.82378280215138,45.20540432047377,0
252.4829152954283,36.19928872924648,27.178544493862198,36.46387002714724,0
322.8124396843289,37.431549966751106,25.76406741143202,50.66143687419469,0
323.57400475952494,30.00779573561641,20.315043324669304,34.98525793067404,0
312.7637268535489,43.11628345264027,25.599343954675852,42.91604174430829,0
270.99071570612364,44.956852092084524,24.18794169117457,51.03712874578324,0
298.5686593157406,36.96456755274108,26.07435962908347,43.21728785678607,0
299.89192382728294,42.952017842868194,26.888429680503627,41.53151753767798,0
265.2490593242237,32.15425900663733,25.390324094283635,49.3963195258328,0
345.1019490530145,31.014432168875096,28.33050446788939,40.744426065828065,0
326.3208687172701,35.20462374364462,24.642586230873007,38.88887140204023,0
293.37107478511007,37.17470519183949,26.249635646107752,46.372569937466416,0
300.8065751698359,33.0300665937844,26.609885147274696,44.085383507937046,0
306.2514842384266,37.688840951842415,24.805308062214536,38.78163442905579,0
238.74795394727127,36.53194741036707,26.557548615955564,48.18476269997435,0
292.58467852438207,30.008466123544725,23.810654025675664,47.32243802788617,0
279.54047256006606,37.5939650872586,24.154863161957564,43.20122491697184,0
269.95139970315256,39.317641212607604,22.375022619327375,43.54333996937527,0
291.5669912134214,35.85734658795195,25.482818232740094,47.35196371004578,0
353.93059580548567,40.763240516308464,25.65050335170869,50.951807098760334,0
319.2252858380103,28.91298103251524,27.358526317158457,43.58603394945337,0
282.8646303065161,37.33975211065926,26.582280008711766,48.27344246504072,0
317.17748344068474,29.148596468016127,24.430408886705134,47.826001085422995,0
341.9806630975801,29.42959320883456,22.643640625331447,49.396536463544884,0
327.73901048738304,31.84534583131105,25.86570080503995,45.19654599371733,0
301.78891109760525,30.289699082128774,27.221506344829283,40.43837242966821,0
280.59189666883276,32.26002090629431,26.510369947607888,42.68750423400015,0
320.9466994084077,33.929248446444056,27.168955049714576,46.71426732890824,0
311.8045615626525,39.18577243165692,72.1550951247924,18.81145430328823,1
326.855796600832,33.394204806471485,24.06676206364871,42.57990188401861,0
319.05515405045907,27.071871466152036,23.526197295536402,49.023937217637,0
331.48658145958007,40.7003392324758,24.888207066772807,43.3597177466162,0
283.94294365318297,30.814549331924802,24.84281840806236,45.55234377943068,0
339.52182196902976,34.706397864476855,25.41335525707823,52.576983746317964,0
305.927988140772,37.23268253470356,24.741405085928985,48.821462907102166,0
362.25782617875797,35.998052092013914,24.732744540546456,38.79350363629521,0
279.324365457313,40.47089773760738,23.446611894055714,42.13762488094205,0
352.0789140949575,37.3950157169638,26.883238027102983,51.28110672220679,0
305.93732350387944,30.69345210151446,25.15303612448742,45.70939021314248,0
280.45745989156654,45.89281086995831,24.651112131429436,39.25579940192068,0
285.48342497837035,35.97166731669117,86.77766611416524,24.42516692048056,1
290.38958075417037,34.26329886689247,22.336173779217827,48.51746761355586,0
312.7249783920575,39.819627115277854,27.615928385098687,49.97205140608815,0
315.68506464106497,36.24725472965036,26.109277416263616,45.08927650741087,0
282.78899988184264,36.996140964696636,21.752164314860067,57.37656900468051,0
299.2693622321705,47.460919993003436,26.526284601419313,49.12076181727819,0
364.26811075835593,33.62439285872477,26.844962340466218,43.782594651835495,0
351.8262951030213,33.41119552991302,25.24875224460186,40.92146975950328,0
313.089710090221,35.58289256006232,28.19622179150352,40.12557847680479,0
301.140104345046,40.35757967790519,25.433439284245765,46.67710660240185,0
303.60093980154784,27.467329849048003,22.16635294410162,42.55611477543297,0
318.4055391819125,25.172220542617474,25.73033800209664,53.36871876991712,0
269.31622304404783,32.064423646899264,25.48979460342546,52.331559014589295,0
292.2787038772996,26.830385204703564,23.79340630244369,48.16533273748614,0
249.9424777836723,32.87584326237181,26.14711767375485,39.10501913521552,0
311.97669367815837,37.51249848064645,21.664669467618275,41.638905637237976,0
1745.4131163164195,30.546255682238684,26.98113365488558,51.2783876287055,1
285.5044061310188,27.865867116093288,23.243756592789094,42.18466900102449,0
347.219602898701,35.34668580857674,23.030107749765936,50.61070866959762,0
263.2270301099298,39.31271742307585,55.98415167886313,22.5338158377728,1
256.0687535937054,26.525132807416938,25.865945856087272,45.25858942406594,0
306.73355455679916,39.10116199152992,25.327848127186858,41.4858359353228,0
331.41294907836465,39.08653101869163,23.514681668455243,44.528780782376245,0
350.51783074373606,39.77042551078314,23.987821417616225,45.94823977437449,0
286.2334721139318,41.092401074358435,22.733915305245077,50.16269449150561,0
332.3604250029389,46.01006962329808,24.55064019674026,40.57132199683123,0
298.8447459149788,33.21953975690472,27.15004242902182,43.685915787369424,0
294.8211810017754,35.54785790038929,24.991474124712248,45.22411565966142,0
326.5097981246002,32.91780783375987,26.718828509518907,48.31339178843082,0
319.5696863524026,35.00988422377905,27.910802675452384,40.457678312386115,0
252.70823529047252,42.66436677818156,23.823962961926068,38.417151035563926,0
344.2962104917769,28.274927580346656,24.62685349388927,48.36982575855025,0
341.40274062442353,30.69475163917212,29.34238572212499,37.41025442526649,0
281.23311895471414,41.885904682522806,27.88868682395989,51.42489857381084,0
311.8741060031223,40.10018253451045,21.655190948375296,44.220369512585464,0
314.82090558848216,33.18434176591461,25.774296632121814,37.26234458862777,0
307.8202129747172,39.2720100056036,25.00111998467939,42.59789890298253,0
283.4908453846374,36.70607921246017,26.652906221717526,46.895618165346185,0
279.85129896185845,42.50137304500494,23.51004246502989,42.33649456222511,0
299.2333778702566,35.37254796913386,23.320783255918656,45.10014874412174,0
335.18187057778096,40.12816056936291,23.64785856941278,48.700391828526435,0
316.308004637833,48.2100595524631,23.856142907603136,43.9890483230619,0
288.88157003741685,37.99049577523733,26.63064833361803,40.31471161766933,0
323.15096131945035,35.246640828974215,22.63759765370224,43.5050800131408,0
214.54372138109773,38.6122349261049,23.754772200081362,52.0742006822963,0
334.4629710111631,33.17359570898058,21.42197521899712,53.42532172666592,0
247.808586636657,46.939838527623664,27.014235646824748,34.900369130288624,0
289.12677175790606,35.90035518847991,27.54206019886228,50.45513954595739,0
266.4099031612157,33.63533339887243,24.345853138272428,46.25073858017678,0
1351.6514077298339,30.82155497489982,24.404101270373555,49.61991339560075,1
334.82480362135556,40.486100958032196,25.906443804565793,42.247558698661855,0
285.96896396064324,39.3359370641387,27.948964014756513,36.15868245249257,0
310.39511645192147,32.513228142929535,25.817221495127836,47.92244394323731,0
298.5923826336245,37.882256725612116,23.60491611504977,40.295113693586416,0
314.31122481669365,27.45722015893572,21.76235485602712,38.05853784257574,0
302.30465673180765,35.92485287536578,22.769747474673025,38.40799308763267,0
261.5102332743429,37.26378176038347,25.14643890062493,48.00456891207667,0
329.8880045834142,43.53664904779612,23.68934495359841,45.69726233014599,0
285.18730250516063,31.145905986356553,25.38993541198152,48.91233010937337,0
253.30254304020747,28.608236855988377,23.89415196752753,48.34537627248182,0
287.15654517102263,30.52286019537479,22.88370713741118,42.89533217708117,0
345.0227937190293,28.317157498425402,22.64593673709386,44.64763213061272,0
325.50665226340476,41.683286788794916,28.124709018746458,42.4428123560873,0
289.5404359677642,42.743196475120186,26.777975498367287,43.94836113567255,0
289.52226887044714,36.60108288974414,28.461035903655915,40.16372631009467,0
290.3509484634785,41.10647472842574,26.079901801510207,46.95242146937168,0
362.30243950682524,35.669791902901174,24.140017182770322,50.37560374490878,0
311.4580635669466,34.52444176149617,27.646681844979877,40.91693485089507,0
312.9012494157321,33.33481190473119,24.933863997276465,51.40634822700671,0
330.9085036209553,33.448045043112174,25.441683540580705,45.56760748238971,0
307.1636747707954,27.260992218454845,24.914351241848962,46.20539488202907,0
292.22873562537893,36.321273818036694,19.10619156143197,36.50285240196241,0
294.10950452745067,34.79833044892978,28.209470024589706,35.96368845217133,0
297.8519622175781,38.726803620389376,25.982007891915508,45.72058181389841,0
298.88333290470473,35.46761748219305,25.65964612173702,48.94866062316004,0
321.8288863091094,34.18648149215454,24.87644787545888,41.64309778177524,0
301.558376574219,30.644034849961848,25.326855640772262,53.350469502915445,0
321.97920231646737,35.360766184108805,23.805442128307504,48.67467987127158,0
297.5785025967425,38.69118615408081,26.233158704614542,40.458293741460075,0
302.35905570948273,29.283305044580697,22.385803311201734,45.15424333526754,0
240.05397946403676,35.437368768403694,25.372136864941094,57.38464566861706,0
327.48983024107446,36.16521475764742,26.12314694114221,38.78717998600147,0
310.3946542769398,31.409676081908678,24.602661732354193,47.641349694575524,0
329.9403032957896,32.06071847546,25.74173558494205,43.386277236383286,0
213.11233865418933,36.15305424383107,23.0173312155315,48.53448145459256,0
362.6512411434218,29.332894908536886,23.068346458208072,51.33636823159191,0
295.8123111553448,36.74961857624696,25.473434242052786,43.068814556443165,0
333.2454845021255,30.523228131704,26.357099309242102,50.59456135853587,0
268.8028221862341,40.31426846516608,21.250268688996577,56.10601697135981,0
318.3832171518771,46.6891387269415,26.044041270221534,45.33137368672117,0
268.39753310479034,30.696215991490902,23.913596999247325,48.92444343747093,0
281.2869311791259,37.67103931187337,24.614387825385176,42.04779614898363,0
357.4209406160036,31.366290475589903,22.320964152869927,45.096296545156065,0
294.2795279770996,40.204770868988945,23.296765519626582,44.11662453645879,0
306.5229861953917,28.673707954573924,26.93225065106062,48.98467962829298,0
326.1020319206626,37.40293379213856,25.065726747960426,51.02337967878463,0
314.87045663917814,30.635055165553236,24.234443196580884,44.451725754412706,0
304.5125671543073,33.96507705450816,24.767023294737932,52.668114228664614,0
310.94883007398676,29.844873624263464,25.9784236493286,52.650237207808146,0
372.10246755714826,39.11175235447877,25.880988992326674,49.2342687158995,0
298.27143608899246,30.815098227802064,24.849945999206398,42.41986734139136,0
306.032971401449,37.75982129665914,27.185918221793337,41.940855916300485,0
331.51963188022836,749.6465225450382,26.94092527381333,40.9380932265498,1
333.16577798873953,34.42763814100569,25.826744058260793,49.745830351190804,0
335.6109091668114,35.738779537000646,25.10922356582014,38.94115896255318,0
319.16190666087556,31.190876641705756,26.314642190239077,48.384188270555036,0
265.7098526180855,36.05183556770444,25.628534843602367,39.59445326087943,0
349.00294596903285,42.65167282177205,27.121600143611897,49.117730599209864,0
265.60963820943937,31.109526070836427,26.799122753476617,45.0860979136528,0
309.079063957171,40.859050716369225,22.96349219716454,51.668192809299136,0
277.37172449941926,42.49048816743892,22.828073658516587,50.70727289160635,0
298.0758496022102,30.91922505485978,23.597500911191847,52.17532706001056,0
309.86287230910443,27.72472697454724,26.952277380133843,52.304093591445564,0
309.64071646350817,36.50980450085882,21.847382006457508,45.71815416994099,0
312.6576226270585,32.26296238616563,25.789514778215988,39.20603466787698,0
348.4113380717594,44.34301609581501,25.725086182185922,39.73738472501311,0
313.6060290454194,35.17403770249916,27.325296117372385,34.56575735342031,0
292.6753009412805,30.989002959824106,25.360677381327775,39.58167083285953,0
328.92261504865075,29.264202444941443,22.313581218832198,45.34411828852325,0
335.6841146677392,40.44952479545415,23.081290078703756,42.20172909587419,0
263.17176554589025,32.144080129579066,22.63600895620435,44.099321977950744,0
317.9220020954957,35.21914399730214,23.92411206733372,47.463577097307,0
321.0351822693269,39.77901372556241,24.634196865152145,43.47967370967121,0
291.0730948992002,32.57870824034585,22.669116947557885,39.39085599793708,0
341.2712043993486,34.7703558562992,27.941323981304578,44.73383166218284,0
295.4983323890242,34.9171579508874,22.34943725609512,40.50754756613578,0
303.7672936041463,38.41662255758046,66.4610530503391,16.96960465750511,1
294.8078452714839,37.95372167755163,27.370326062878682,51.71388482211502,0
300.46737142744405,33.89943134372586,26.79660509937807,43.64747347951913,0
267.11174739314396,35.31824530748259,23.6124667850065,53.854787766738724,0
256.79847352217115,33.141104942382555,25.684901758353803,52.15817993468985,0
347.83515189674915,27.611937965402777,22.445257732898764,42.10347345710478,0
274.5911595504502,36.28800428699065,26.821814070067497,39.44438116792112,0
270.2582295163108,44.46095880416534,24.85203043692746,44.737229190399034,0
235.39829659188857,30.581404296544687,24.18135957082663,50.76663881698445,0
280.8311475693149,31.134851451986485,22.552510306687463,42.54904546885656,0
260.30730619777506,30.64636114178129,20.044987762741968,49.5404514913107,0
349.26045480409107,38.62295889361561,22.92291828592849,51.042199945680444,0
330.294512680279,37.2424272709822,27.225596391225814,41.12987174818697,0
279.3554896446683,34.20731153791772,55.66870407047152,24.858473123375422,1
367.57307416032927,30.409904691805174,24.661342285769905,48.563310160635034,0
329.4529646097478,35.46188395819962,26.311108716576907,45.75923774820785,0
290.2550584947413,27.176889363320978,28.61133775623253,41.569692367281604,0
225.0178285537928,35.71713283428747,27.650009309891278,43.239097759402064,0
368.72827717772225,39.35762193043967,23.055329992367625,44.64740223636291,0
258.3128259970921,28.74400431683161,21.11485885712519,37.1757278752227,0
250.63803759129325,27.337408615851682,29.719228518200207,48.82821553241347,0
330.6771129602892,42.897189458474294,29.537983223318907,42.60653905530405,0
373.19257219017817,31.941201802477075,25.376907192858564,31.081418881009505,0
341.52818455531553,258.8651897110198,22.459023508836356,44.88064515845274,1
316.9172736015708,34.23001167401084,26.92645306778788,41.29214370553246,0
317.8426302499586,34.19022591529336,24.78403262797478,53.44411096151338,0
325.6024667634092,37.192063497483225,24.77403775378678,42.07277489540016,0
322.76785769360293,30.580005716267795,26.788917686210258,39.511783182106946,0
308.43574271908125,35.662485717478226,25.668749493746596,47.53966334981008,0
303.1260331185563,33.09255292587954,22.62837017797011,41.697763159962086,0
298.1222061630143,28.397532782974842,24.350516129836052,41.10271899373884,0
277.3810623339997,36.687410373632,26.322305857322693,47.54750691412203,0
291.57974769399675,33.68346096561042,60.262717131547085,23.969428410767268,1
249.21129557413843,34.21487585777646,25.524033148716953,37.71363170900273,0
297.0498111961575,28.94919528292921,26.866845908951728,53.62999001047169,0
270.3422667854725,42.95700183881402,24.276566024365472,47.89749368800322,0
266.8923204835269,39.38357093193058,25.357339550438144,43.678953575028174,0
305.3968245346044,39.82077942085989,18.2488417996448,44.98261395149032,0
341.760068590338,33.47277648779159,24.100699612314372,47.52932179058078,0
327.5494981800694,26.3540855524829,26.52780581715129,49.8666872480671,0
252.88498189130468,44.764586912447555,24.219211065765716,41.22012354342494,0
270.3111559028899,34.69451245997066,56.42151008302462,11.526321345433283,1
328.2231356396465,31.25600101989973,22.917094096450363,42.46647911894881,0
270.5253781938507,37.08400787241557,27.006731785458292,44.05509377743688,0
293.26100550008925,40.83560394001649,26.096926547081143,45.80346433732452,0
316.50156297073653,34.88474721957267,26.65082919564617,44.96660713473664,0
270.94966635409094,41.39287583969687,21.547572076084222,48.67783449151286,0
303.1612651843788,40.414999692584345,24.679099913468733,47.43543279557797,0
259.97923515245384,29.61809406298971,24.439777984499987,37.459153953139115,0
281.9589706814636,31.631049471702617,24.438856586802896,38.21088396467279,0
309.5934580242761,39.787685816398835,23.767944912564086,43.15141657620354,0
252.21018799404993,21.43693718094781,24.30779145643997,54.14312631220913,0
313.214242138812,34.25272153417506,26.699289565413302,40.74204083749199,0
299.4108660321996,27.84584399187664,21.174297293304342,43.95888645193624,0
316.5746986325144,32.617230992832376,28.554589536060906,42.31826986521739,0
306.71742402193985,33.50589955485398,25.967682250052924,42.2297780795596,0
340.9242128992153,33.20877811046246,24.915336208679573,45.89119871952528,0
303.7567350794372,32.238693739436954,26.813668292745852,52.00388638097826,0
287.1178337662424,29.51428175185593,70.95248749890256,11.991079465473963,1
303.6689250909685,46.45955633409343,23.670598189697973,40.982345192864535,0
316.29894087109165,44.337310020806754,24.75784913521889,58.76614755401604,0
301.4658021097711,29.189670898718582,27.731120740864355,45.39286610480563,0
301.2177507361165,42.91058375651784,24.907006837746884,42.11389521808943,0
278.94024936579734,33.00267254763573,25.900109342370293,52.06048187338795,0
280.11297247347153,35.64593736665855,23.820842008127745,42.65464691028091,0
257.9218418460092,34.683630200515424,25.97368413793498,53.314568274937216,0
352.4873022956082,31.70125679373017,28.354479185948914,40.646786045166664,0
262.68410293826145,39.91926171803073,26.991053383348227,52.15015194460685,0
279.2128440661228,35.62943265288329,24.837088024444242,46.00523832140847,0
278.44778203292407,32.61724288390379,26.35098169453094,51.45526116351217,0
326.84773130833327,28.47705278099764,26.155033909214424,54.50882854350772,0
291.15150965123917,30.532024931404397,26.01317534339455,39.33696354739373,0
337.43226218021204,26.793099421989517,27.223906721720816,51.37885910379161,0
279.79528127268395,35.06111774207585,27.20895540767493,37.955480477872975,0
308.36982486671405,29.016672038578022,24.74568280625023,39.76407822375886,0
274.9395884022073,33.67219743740729,26.28375812295554,40.98295270103782,0
364.35447383320167,41.85050926805185,24.233810157680413,47.5181831808893,0
264.3720474291146,40.99649786460793,23.153855207368846,45.1650793846743,0
309.2946213068108,34.83861552948691,24.461012488592026,44.16431957918582,0
319.01330642796296,34.564576369284254,24.847443696520834,45.7311763951118,0
312.413972923545,44.39937274710504,21.676838021644016,47.956447946467364,0
294.44137023366875,37.60378060179356,26.72066511883344,48.34124061970677,0
296.1053790079972,33.36096770061739,19.465349154795206,50.470834178075656,0
301.31434415937326,27.86990941439774,30.429633878972645,54.100174063837194,0
295.58993995114537,36.96936609082372,28.003758267592637,44.89318813779261,0
328.9163735038473,39.14661886291431,24.477982551655373,42.39455518934542,0
366.31569004774053,31.841742377431782,25.018852721127548,48.06768064592594,0
283.275246449765,36.45601377569017,25.605943747174567,39.2787259186769,0
258.9059106126277,33.18213352542485,23.821679224022116,41.60647933944194,0
297.35153854946236,34.07983800400498,25.385238295173874,49.99690473196395,0
377.39128012962954,22.56088971218834,24.712000044596678,44.37935812591148,0
275.88976296090806,33.89109298141932,24.811454565538067,38.959037708209806,0
349.17350416332204,39.84684651204027,25.362922126961276,37.55098467317413,0
350.33102442229324,31.84298722216721,22.37294440329201,45.243583396969036,0
283.3923527487602,35.26263184107658,25.079139448267295,50.70948268484005,0
317.06949237555824,31.2202464665404,25.326895493234954,50.642728887655934,0
348.8518986938561,36.80220838146386,25.25769924271183,45.554402514464186,0
288.6261677703754,33.91738401231913,24.56833848912769,55.04454709548064,0
293.8925891969291,30.303792296589965,27.275715551938745,44.47589817029769,0
282.5495725815407,41.66275733832564,24.2926948902369,44.307161883012945,0
269.557298079214,39.64466006766108,25.45465181364638,32.162820451305,0
280.52167364801977,31.975466180359128,27.594595067851092,42.76318525419392,0
263.2817919971323,37.488941547088885,24.841247719959377,49.26007517454247,0
301.0225040477768,37.6870600141019,25.4289265349351,52.81980668429852,0
276.90080306824075,38.21150617505588,24.807230727370207,40.84882683166358,0
307.01357735372244,26.52872052002461,27.4747395871272,47.31126164646524,0
253.32313061389118,40.03303270516314,24.48455087682741,50.23439516161644,0
309.9264069664337,32.15150518537134,27.56670915457641,45.056040765979496,0
325.00586884826777,33.210860332793665,24.79282421070587,33.58359771236385,0
240.18793072285635,48.189408761301,23.281080553103966,46.23644999787126,0
311.22169709542715,36.509366903605056,26.35874634114824,48.80715312030446,0
336.83006977419876,33.06838762276412,24.390664332488686,40.2628855249077,0
263.71076943926386,23.97352813622047,26.241001798198326,43.72922734562807,0
350.1771716051311,41.94882066973178,19.54119123015253,39.22251978935618,0
312.57057028098137,28.273951645956988,25.010410523789893,32.149262257098236,0
278.84964432724774,29.98280548250248,24.08078940248504,50.13502205893828,0
298.32692767026884,33.34323850456075,22.873482626937445,44.98125733099074,0
316.7498073756517,42.08205895850146,23.8935179963204,52.98837498352491,0
302.28016174237234,38.866199933328794,23.8525937114147,49.28661095953088,0
316.16267977339106,34.2108124507987,24.90402841029884,43.228951191672756,0
272.379792207619,36.541460318194105,22.26534707743009,44.58409669947795,0
305.08082472108237,31.99807153564447,25.632547560519427,47.830886953850865,0
257.5885650928506,35.698268447826756,27.732429570411576,49.83441708377872,0
296.663218159539,215.28166759748046,25.561856993895653,46.61335315371006,1
272.8827707560563,39.84384947840677,26.61797721845802,50.52796572644742,0
277.934101722307,39.835890612194746,27.18912490922759,43.51665631662764,0
337.08279525631315,37.469886911028226,27.472979024368353,40.01428226607157,0
332.73930361782806,33.188262212269485,28.74027738564261,44.67595373219435,0
318.2741436272153,38.709111471950635,24.00159600344814,46.025924453680915,0
267.23061705982263,34.54015766898477,23.563032029677768,38.992323026303566,0
290.50774650915594,29.590428156434335,26.566931296649468,38.31638957926689,0
336.3929309993755,32.98356104044531,26.4165324393148,47.23693148236714,0
304.25150740919713,35.422634918921624,26.551350599231377,42.96821574314788,0
369.5798861994508,39.551078918323725,28.778564908500503,44.17079547168999,0
311.7995351818312,34.08235913921423,25.02273981759699,43.20153667149588,0
305.76147349470097,28.95400644380197,25.85231311929237,52.603004508816056,0
290.72650607392495,35.283708416484096,23.03922349703305,51.308805801975,0
304.00622714346844,35.56728020028276,29.270642247951915,38.81323154980416,0
295.4259049085837,35.929188144513766,24.32691015758178,42.336033934597765,0
321.2432603006577,39.59935757977215,24.38356814367834,49.25002133984797,0
328.7010695038375,40.094616200449494,24.306500217983515,48.009681185516214,0
276.42031618476153,32.02894563809167,23.710208282711324,44.79271018835107,0
260.06301139326666,31.919282709755283,23.5411259023047,39.311998975178824,0
244.9138388069011,29.799006445222634,23.95259143422095,41.587299769232274,0
315.23973980737634,38.49407835140238,22.26840814389811,42.41616216226855,0
266.8990018147838,42.244100541688574,23.429364159473522,46.3849716555955,0
235.41328221142552,33.42459036045538,28.897926222895236,53.51863577348619,0
311.6573581359289,33.792847176375034,26.471310287282737,41.56559882605936,0
374.7899855229837,42.333912784494885,26.851808353455436,39.8698237622238,0
299.8178726538032,37.52778926607504,27.35441757483383,44.45706761586028,0
325.15472323354925,37.181178524005276,28.66826912872478,50.158694902570296,0
302.454880756427,29.045417470131365,21.45715489711231,37.76558516619648,0
297.0333104042657,38.39364034639709,22.54023376942692,52.26817075437474,0
327.57229448963307,30.354318297451208,82.38027552908574,20.32549081243045,1
291.2917636743405,29.329899070325208,24.060540407020806,41.328399988433134,0
308.0217694221571,33.26614211616644,24.398861218829502,36.999053566189204,0
309.65093418588043,32.071036382756546,24.106044894387917,48.532603867103134,0
279.95728639070853,33.8920015280748,25.438617826264107,44.14414402379233,0
329.76127048609567,27.795091827375405,25.07059078149043,45.85352741377253,0
294.7512072991377,39.79408153233836,23.5543304096435,40.49594129494318,0
277.32764521521466,40.63843147258215,20.64890244602486,43.40451982874488,0
1930.8474458030175,25.263287629295927,23.014262589242605,42.56709376822631,1
273.0459605462689,39.89228902833275,23.90152269337485,44.49703447310896,0
300.84543472107384,30.947356850891868,24.50584112638456,41.65223836812095,0
299.7264301006739,39.28487768491393,22.740665081378925,37.32909519656389,0
332.57686697494734,34.65776753666792,24.01838706700716,58.64249872648303,0
314.24094698639857,35.143877820404995,22.738025223028828,38.18297876331243,0
299.2491912376457,34.074511752893905,24.748361296903333,45.907295034712696,0
324.5329889760086,41.06064602116743,22.85381734327477,36.13986085787979,0
341.7062264705194,202.3472462421412,23.30219068725907,35.01476281691013,1
316.73430919055585,38.03920169367504,22.382631738021722,45.489132459261334,0
300.3105785953014,40.50665082444775,24.69299860886043,45.871837938841516,0
260.6449130294952,38.581700402702054,23.267104460095204,51.307494954011915,0
268.04659010773884,46.62349457161709,26.81356853335086,46.99773420507853,0
290.84325886935994,32.355266186376504,25.8117005333858,44.25094640627105,0
281.7146339352215,39.786524112967655,24.860296263632716,40.25199877967498,0
294.39086091043663,34.4695468232929,23.40502900531242,52.49506034116774,0
301.6994977469132,41.16703038176335,25.761040610632605,49.644256230251116,0
315.89078263070195,34.96155502139315,26.381401778697274,38.768352611257875,0
297.88503665822725,33.060621090687654,25.28537682440326,45.18981864105318,0
314.5950493147861,41.530361019358146,28.20740371093386,45.720261157632486,0
301.93423244430363,32.54219030490535,25.91927463614963,43.27173171697165,0
240.73600300938386,27.93637120549722,26.827214435136067,48.85925242903397,0
271.81993818543737,32.41576558413086,25.267130831071956,49.158665691740886,0
295.67737332835156,38.09516473294266,26.351328906513952,44.04757151097447,0
263.7091577147668,41.96019375793546,23.40643753466165,43.595653771011705,0
317.9978618998861,35.55564687648256,24.083203273574412,52.494792313337655,0
345.9225249703109,41.59098533617013,25.69872710696476,49.664194461811185,0
336.5628555509195,28.209125392612034,25.684198963114763,45.36180194954192,0
293.59671387209374,32.783682675910484,26.015223645886493,36.85395480459973,0
344.72178410549856,33.55712441422949,27.200785784557457,46.72000053152518,0
304.46002371606335,34.4272028626374,55.389776083986256,13.102073028324526,1
289.8874208664588,35.42047194125099,23.051094904779408,31.227391858008136,0
281.5979200937718,38.45455478696096,25.459145282148505,46.25934724159013,0
290.92590940535615,32.77596580914755,23.551272736393077,42.91654006602133,0
288.35469544376315,35.695143434765626,31.755536482578723,43.89572859935224,0
305.1124866712646,34.77438554837974,26.031439238340273,40.4630952361834,0
304.8172194314959,30.37055048054425,24.843338302139685,44.25905354798179,0
300.0913806046024,34.43166655459282,23.969061453832282,51.95995788090666,0
313.1081450923905,34.28170235051441,24.039675433613912,42.76800750592242,0
335.71938824359023,34.17459717498477,25.060281322630356,49.82786779396592,0
328.48662406323973,35.15879728290725,25.223963865242517,40.96834390560195,0
255.4530609465029,35.37836770306693,24.086601710612975,48.79378096328019,0
223.38236595294134,32.838524104463346,24.453695506960198,45.008279278109754,0
328.0295973371782,41.36357366985632,27.688569150469192,46.760124143946406,0
258.9936390475374,29.152596853984917,27.76900992530207,45.03576628048744,0
293.2570379432195,31.39514945765052,25.504067959869754,48.20812616220604,0
264.8966092182192,48.89981812111778,22.317480545526525,32.16207441033121,0
245.9405868725994,29.81004322505385,26.077006313278087,37.90087343271215,0
316.24388184614367,28.231226626451207,28.10856488322205,47.08540249004322,0
322.7746548090794,38.67238372500609,27.739562203924756,34.78230823051882,0
282.7046879781984,24.61440073113063,26.468851705619333,42.34709822176395,0
222.2687312356527,33.823630450137806,27.844845910571642,44.72829579481675,0
283.61266655242554,45.72912462538244,25.106768544958044,40.859299311935516,0
311.7541201620764,27.275320389233,26.25620593966741,41.542192986531134,0
255.63265293677614,25.090177571306434,23.638448867349638,46.35791100076796,0
305.50079759337467,27.50409399021151,25.584530912311426,50.04647477889905,0
299.5407045248101,39.49179784173493,27.65906848794105,40.20775309372596,0
317.3787449880327,40.623883599929066,23.82115317702622,42.12470901906315,0
303.5874110524246,32.43705601510746,23.27711314107143,41.343695133364776,0
270.8079317735533,38.41606202000534,25.194977878047393,32.8931012406136,0
1918.3448580242186,41.95127663755995,24.546675592552003,45.70855895158754,1
295.2441128091909,43.93673207214913,26.29829544214084,49.67358872914246,0
299.18086381470204,33.76832359410076,24.093480948105917,50.08321603657941,0
272.00196122780414,23.492641411650066,28.436879231205427,40.64616811779631,0
286.7015324642547,30.895605387951566,22.420647804077888,38.741509757399285,0
273.455918579193,32.86597902532371,27.50746957243947,45.10802773795842,0
294.8116182022973,33.70530601710805,23.470301543383794,49.14636843283234,0
351.3512544042703,34.0607029949564,21.408034530831955,45.77425224155192,0
258.8429657120593,40.59447298965335,25.475750312697734,46.4465231793688,0
251.59315806369776,227.06781936028833,24.490784027972232,50.70915463868117,1
344.13510982480824,34.14163173037608,22.780781264193937,41.30431720384648,0
293.720289685444,40.492424380259095,21.637246216569473,43.90014956663485,0
279.9278178402025,36.788306833155445,24.983278425457087,53.173027558806005,0
331.1971406218823,35.322529864312855,26.951673783247635,44.01594438451186,0
281.83153380789406,39.53272078554982,26.16990698617289,38.663315170167145,0
1037.639510554674,35.36126024118958,25.11341329767853,41.65321951874853,1
320.33777614017805,45.289055885488814,25.95769514643547,40.30910074389379,0
285.3626577556289,27.807944166027205,24.945571735244286,46.78581292850635,0
364.7192463979651,32.42414550453991,22.140551513939258,40.520264982056105,0
281.82855230989986,34.367405515230246,22.158212029553113,46.35517126430622,0
322.2628611602792,37.19726345228995,24.593662942030644,41.31967390729675,0
308.97877741219475,41.339802435515445,24.678693427267852,34.38310730800886,0
339.05223868196396,34.87800716381922,26.70196535701353,46.53309893490961,0
346.8453359018056,27.888851752468966,26.514608447549495,45.742318407734444,0
300.960124471973,39.21256948227502,26.2102660315179,47.5887890785442,0
277.39746388961447,38.774793830709825,24.439434573845638,41.63506390417372,0
313.7991642881735,25.29070670310297,22.238695659779722,41.102277623203115,0
279.6685389074368,34.980979331646004,25.824142274132047,47.00733429240773,0
360.4016174257987,27.04929084659851,26.050338626524336,52.5950978626549,0
304.09605993248215,31.676744512489687,20.222937075044626,45.05584004753164,0
289.04035346063677,30.485955365186,23.331323626834674,47.12292548023572,0
305.5404091759473,39.04632349120993,23.617891245212206,43.392061577871466,0
259.5862113141091,35.58415087086092,25.23670040224687,37.281847390631576,0
270.85157884468043,28.572044996219862,23.393279134468614,49.83714709577029,0
336.0124172383328,39.40032981478671,24.92373086235072,49.54207119543081,0
280.2931716308581,27.830970880357928,24.578930119294014,48.55387012587597,0
268.5926705195418,36.65056895235472,24.681701056924545,44.09027280828791,0
316.0995825758186,30.92994665354222,23.567211412598507,47.9852804986927,0
335.5711246398899,33.1716145873474,23.722029891866644,49.46880898693915,0
321.568599319952,37.52135374019192,22.839465880438613,53.10079342478354,0
329.8814305741745,37.60724699529764,25.760134881147664,49.94263052323721,0
277.2961473429162,41.6848453677798,26.142205257182738,45.3191061251682,0
257.3456799977447,34.588731501642734,23.458764099749324,38.458733722878144,0
345.0400095586646,36.532254314816704,72.45881980781672,19.52528605107812,1
290.3196048347359,32.81131338797838,24.3707971051159,46.28288697924654,0
292.47500950634856,35.909949413113985,28.06037124759312,48.54514887659152,0
339.8458242554717,37.19743024004256,23.715745652336793,51.76945929661713,0
316.6869002820198,34.50845076272812,20.94684444680113,44.524247439716106,0
313.67663316244824,25.98124757953752,25.804395649824702,55.504935949065555,0
364.9500703470325,36.65735448165448,25.497090210237975,36.203564899797115,0
280.6944530885957,36.822807386777285,25.068787590615166,47.096709362308125,0
327.8352038424371,31.599132618260246,23.71553504311202,41.00739803907986,0
301.71039374691253,28.57806481963743,24.93085554902836,35.46389000155599,0
308.05776836589774,42.37939575251983,23.977481084260944,43.99112811850421,0
345.85405279237597,37.45722755447201,24.3953008673365,37.71413650789522,0
315.2350726886887,33.85459484539145,26.68326451153015,44.19286050983592,0
316.148882371489,29.314835584262564,25.368434459060186,45.17384624047229,0
332.17522011929407,377.1958818630724,26.219902774663954,50.59270704667975,1
289.05141811371345,41.51295198393116,24.53626298674842,37.462074326180314,0
274.8237099798298,35.68830970434023,24.31596530839045,49.542225828228865,0
268.655724179369,32.247064664996465,22.693034938222713,45.49040225139897,0
241.00930231871996,37.548446156123276,24.259926774863604,50.14424576804797,0
361.68621389820964,30.928009062768382,18.357770888821722,42.84124412484436,0
266.9037490283495,42.504215151401894,23.81955606738873,38.33877706618277,0
293.3623912924268,41.76400267448363,24.836251645618322,38.91250336892067,0
291.6956010033324,32.667129643986115,26.127347308540312,38.54096273166442,0
309.222200934273,31.856648764845698,24.462644244950084,47.389070764603275,0
324.4721163761789,21.909334006538607,25.69534708449,52.3846101110735,0
325.81420465079236,27.59209614224316,20.640422677219508,42.1752423667239,0
282.50767684293186,28.30265112521122,24.8863262955861,48.14567649128892,0
294.98634858640764,35.67595170493693,21.640994414173193,37.3827897093219,0
308.477398514649,455.3712858772264,22.583392968681334,45.9016062458865,1
292.5392662144936,28.27332256292379,24.625668904272278,48.342813081685634,0
348.22036728059976,33.59417978767721,27.552527975747108,37.75937612361566,0
314.72924854914754,37.52668573823674,25.74241352694012,43.980582655100726,0
322.04633358149454,37.639196749577934,25.036461994274234,48.57958570242783,0
319.8864380600224,25.501648595705593,24.960939221065797,30.331146763852615,0
335.20421572455973,34.358682597580845,23.572742213591066,51.677265308508716,0
305.43064676111123,28.08329611514195,23.91203317325463,46.76839687945524,0
261.0950415613246,39.50864348570137,25.854752090941595,48.583638238586715,0
311.99063855257924,38.92073208176749,22.22927896311101,42.936403604026175,0
280.45929318624513,30.509863868377707,26.18610810056604,36.38638759217322,0
284.1414995475073,31.169773987998,24.222985865762293,47.67031478158476,0
317.5909205626528,32.693664747508464,26.65111414973913,44.58704837291744,0
337.1484921430091,23.736033026343303,26.922186914464167,45.1605772771616,0
300.63814730208185,36.679840867202884,21.65383197498852,50.43803492599477,0
309.2649903779689,33.63577726829934,23.836838473545562,48.81031936931299,0
351.06644833905716,39.8508754128393,23.288944624118752,54.60618708544806,0
307.22259538465704,29.507953910187236,21.374544069853712,45.769271144367494,0
378.05049342541184,31.90438525875034,22.93493344758118,41.543937811044415,0
316.96528936894634,27.467373709804423,29.88251169053068,44.05791576545637,0
247.17711722532547,29.978547182528736,26.21901979242488,47.07831686269303,0
322.60024863313595,29.09009001965891,28.834575937211508,50.07928259496489,0
311.4347515464833,39.97986839423223,26.65819688003667,37.6648302428064,0
338.69258262248235,31.508690756243038,23.51631367798305,45.042688075895846,0
320.19544053809875,35.62087842372307,24.236457606651914,53.047708285191845,0
1912.304830779068,33.096182980690976,26.176872360480615,43.7989556449874,1
263.27105291131903,28.652673669935936,25.875012406946073,49.655059274345525,0
293.7293022814192,34.15849788414179,23.845315968583332,47.46558763608002,0
274.484386373721,37.99551665931797,21.980013658841585,49.7793030326249,0
282.58429650585833,28.961203037283237,31.575522374777478,40.95119729200034,0
317.6573521326183,39.045563953656895,24.71770065531439,40.972991649672096,0
350.0971351305422,30.751395392611517,24.34852221363476,45.10135946061144,0
311.84014589468944,32.5850803696358,25.226668927810604,37.33889106379844,0
264.1235081389445,37.65341561505024,61.43095482201794,19.670852344430486,1
313.3380800466042,31.68281921390256,25.24545781541097,46.26438328757833,0
335.89894459936954,35.187874296679325,27.573894572232838,53.923178034748865,0
281.7065128704185,33.42654585605954,24.750903040627154,47.01359094634911,0
295.9794849998125,35.64684003351909,22.67457912134448,48.12614235436551,0
300.4406458418759,23.096304472382513,24.67671241104278,50.82237923525003,0
276.4530506075328,25.851590923959584,24.071196437180177,40.17671205552472,0
319.4484130153158,38.07983503023419,27.847797874493704,44.17458668814507,0
296.37155554176655,40.18590702824525,27.34223812947514,57.12706295901946,0
312.58597331721086,30.447566482342392,25.2150500008616,44.60438888807746,0
273.375234665937,33.779858239144325,22.442528290361487,50.582153743911036,0
286.8762509902977,36.47359626451151,22.54821547312011,49.81868938586554,0
321.67144073483314,38.46608800829352,25.030246523169108,37.609431428061555,0
288.815005437247,24.861613641645757,25.67264593864256,46.55239638502967,0
351.8089155370022,30.569798765108114,24.25075436134789,45.73373736102613,0
288.01091443156196,705.7813566173064,24.039660831585532,46.649793939202176,1
306.7405417725566,235.06387635555262,23.814401533642705,41.2294376010447,1
327.9777249561927,47.492152418607475,24.953212079512106,39.4154024404392,0
257.449028012009,33.85997136595141,20.23447529585387,42.619949999895745,0
247.17573564057673,27.965112689480055,22.79734674246058,44.51102501457898,0
254.23031056289716,37.01134038600649,23.7458983091053,50.92492223800158,0
337.8775231028155,41.60497894770355,27.41500638990384,54.086554098628035,0
283.4442556232266,35.54007060489751,23.37237271614214,51.98298923111589,0
376.74597857004755,30.466757274228534,25.36093628366241,49.30092605390922,0
283.0725720402783,39.7899697074001,25.45308550186199,39.97829868850205,0
305.5365390959111,38.317728092492175,27.595833011321524,42.955519125052525,0
346.26329857703627,29.86959577902188,27.5251548139283,46.04963026206499,0
360.18278664477367,36.90712808767171,24.88499406241017,41.83780480961912,0
361.8451072990919,39.986327838294365,24.049030517621116,47.886028262639755,0
336.25098691779425,40.90945021279447,23.67233379434862,48.60243054127144,0
330.72187577434386,34.66775512345272,24.517873555068437,47.681450312827344,0
317.7758084760355,33.209602769103405,85.86518688525221,24.6997120956263,1
323.3508322849991,41.136369110406314,26.107254818716463,40.47704393143463,0
283.464428510144,28.949197485095574,25.84061963497041,49.66414352046099,0
275.4540334973308,37.19289645460503,26.183602382290033,41.52177274939902,0
299.8987662776714,28.149866863177852,27.518567422872337,40.29532023678557,0
294.8944613242521,40.326881361298014,28.725738242800354,47.66058067093191,0
286.40315852018176,33.709772421944194,25.249326786815114,51.0793678109949,0
320.89162342370145,41.342916178237346,27.198927542791306,47.44006743188005,0
328.65915625711534,37.457063781777634,24.29667963233157,45.10402011886272,0
302.6522065887554,28.88389884969035,27.37001396716603,46.55076913050753,0
344.3259024316578,42.12313866038622,27.12301831435169,45.6821345903364,0
265.74932657599487,42.756226332138645,27.016831939885982,39.37024551932303,0
294.19021622160847,39.411432462996075,25.18813968238305,38.786899275275424,0
278.49533038191584,31.1920606748189,23.663283672018224,44.60587060263273,0
244.0039014878082,33.46993022821295,22.210943124269047,45.39928417884652,0
297.51957942471904,35.727136087028796,24.919925584957802,45.05666189183867,0
296.3475747485015,31.481448003342834,28.066025084498367,48.38050806824957,0
345.40349229726394,43.461732862316026,24.380310197271854,43.9226164191783,0
318.9243505366433,35.72163235863018,26.570253170920108,47.81489590952428,0
269.2743952701239,21.483259764463213,26.68790280103786,44.27706616336776,0
355.62277699002567,36.6967790637811,24.432627558145654,54.11679481018233,0
336.6310108657606,33.25921301591343,27.63268967503904,45.40356863363223,0
317.4629311040585,34.625367219407764,19.182678511038993,56.70361305762839,0
293.20547703450507,33.1569031710715,22.55449944252365,46.76005795545432,0
271.2168228982956,39.035232083033435,23.16873540728308,43.93161414705892,0
288.83379671786844,40.59843889276691,23.36056995426522,40.50276011870163,0
332.6624585911256,36.41526581129327,25.67252590237179,37.785557129711535,0
356.5375891780383,33.303444064309204,25.580075606107805,40.04278857801921,0
346.29730584816565,34.79331397595415,25.787981144350017,40.60196845418005,0
285.33451734641176,35.09799808288814,26.192162988264975,46.97410010206088,0
266.4114770013297,30.987849800675814,23.0997908617087,42.36917314469906,0
304.2265874073361,37.894643242856176,22.563647866385363,45.93463526277249,0
246.94681903311445,37.30021161930233,25.792639364015727,51.40989181188343,0
309.69503142554345,42.70220619888337,23.73953585270712,44.56095824182573,0
295.57192241103996,41.276748901442375,21.85904990926406,55.39578349233402,0
286.01890494395275,31.57162541204935,26.942688569082964,39.12094509830401,0
252.15890798199612,39.10149187254483,27.790203813004595,44.24708225812536,0
315.4080031970915,30.24523308452764,28.11432177939732,42.30343538194511,0
284.01897481014265,38.47966050470425,25.37401544294944,49.682533030285036,0
264.90249492869134,32.41692900619946,26.251864191945806,33.8010418481694,0
213.8321336015505,29.883733883122076,27.73973644672382,37.784423554110944,0
299.1745528484809,36.40022671348702,23.717168419953133,44.46326588774519,0
353.1675479000923,21.627164359229297,27.221355368108185,52.756888605047465,0
349.8377764364361,26.24512212797386,25.550792468286417,46.129209170186535,0
286.28711230241186,34.112540581128584,26.827423304685183,38.24226272867883,0
281.93363818914656,35.41220883317421,25.37218604175187,39.01416703654885,0
314.0632276822507,33.153406149209054,27.592513419496004,53.364948514224764,0
270.04843682435126,27.102818506412007,25.447047525083075,41.894326006018794,0
309.053756994584,30.910540789307472,22.032041881065165,40.28518313775118,0
322.9824083515407,36.95604663618697,27.903853264629443,52.3868628031543,0
336.8079967165292,37.90890885314181,23.104938518055775,50.05548502793496,0
296.9953777056014,34.9188844120203,27.506116420487828,51.37029821633398,0
293.889787494691,40.78416890518494,24.819514237119357,40.24979059867092,0
273.66052239730317,36.98698511729617,27.352021970395413,37.3744717949282,0
275.1935893788042,31.262721730208938,27.26953722973353,45.665832446813525,0
293.2056332429542,33.597489732941916,25.860285948630743,46.67563066536832,0
311.0209652044853,27.985669213960726,26.01707063525426,46.82300901852416,0
327.40753878699746,34.459305048042914,25.84525723438513,52.39091967819501,0
275.9046314795897,40.56050309610669,20.972350487437843,36.33116454995876,0
344.7806570687857,38.42645042355484,25.236660437796406,49.29847525648883,0
291.8662919687229,42.01004662959561,22.76787164785621,39.51687477926341,0
299.3589811695469,33.48557378100504,25.342374287491324,49.27867660430421,0
277.5836496255653,41.73049897257129,22.71411490723357,42.62521647739311,0
227.27279219181176,34.03347886776015,22.63009611754785,40.930141020547445,0
326.5213618908315,42.35792541284947,28.209869003507805,41.95048646525399,0
322.105316912773,34.89071626278938,27.138894776248378,37.77194899611719,0
291.5601732864536,38.53615686902138,24.99171483011169,45.202144699167334,0
302.00972151674614,42.375561821549276,25.36953730049805,41.13663304669772,0
315.478176531123,34.03286185709397,24.50416794851398,48.931491154501394,0
253.1236242934037,36.09194493772087,26.139752751959044,48.200280405164584,0
284.12841967961117,41.444317126031514,23.64789126690239,53.440785264513956,0
323.82794038865484,34.33498418034968,26.987480525735915,46.83163741770539,0
262.3713173049225,28.395538587469193,24.493826317971777,47.60338883540037,0
308.8067379649989,45.71503527292455,24.160306008337542,52.00049905913907,0
259.30254586129786,32.65117767831432,25.043426036969684,41.86168651986652,0
313.99289947300576,35.79378025468771,23.817706340148778,37.55870893588484,0
298.9307555310755,40.78003334725564,25.657364698992964,46.00047029564197,0
251.5460455228347,31.95753048134399,23.9252748213732,37.88683265392798,0
334.94218063371517,29.96066043388935,25.937047205637672,57.26969336462695,0
277.96225269605856,36.26868648387416,27.43201307782295,52.277491460394714,0
275.6924268895686,26.034618010438052,23.561356626383652,55.8198816665079,0
306.01707591692826,33.5604696156604,24.738849085409658,45.31223488331565,0
334.45912048286147,36.22519332157703,25.922661426070842,47.75286796850799,0
269.5253454306481,33.65024051587418,24.128285290037187,42.70262284023678,0
301.85039549543916,27.282745284071265,25.928641121653328,49.41462402793376,0
312.86449500991716,42.97088978102006,26.11079772130348,38.922283939744716,0
320.79316821789433,35.517690769745876,27.166523552588608,32.28453405262611,0
305.2932466583168,42.155760588808704,23.788019907830176,41.046446902557165,0
288.9891648275003,33.69981874909777,23.11444951953905,37.72263262191342,0
275.1722933805384,30.59994009154618,24.384845220872513,52.38963368079768,0
302.58431649139123,36.3459046012758,23.0644953209058,54.07838727540158,0
267.83582964043177,33.9210643683589,26.128996408094995,37.98535463793444,0
212.35948549516178,29.11119271004321,22.67649739964718,51.458578037606195,0
313.09679412473,42.34892129393748,29.666032836505376,49.75692491750385,0
327.11804523258587,31.88864888553002,27.5918557231475,37.15111657640562,0
229.11202693374486,25.79866807602216,25.02515153920063,43.04866234534191,0
269.70807885870187,41.64083026978666,26.73478898599595,42.0991813893774,0
318.5746278301559,32.47850992093689,21.726396271378416,48.739976993136,0
361.724864091351,31.960880536921877,30.046746662799116,38.856103245474934,0
300.6238112302622,26.17306206485013,23.819570775599022,44.505636871702585,0
278.159911763126,43.704707432984954,24.75900517220128,41.57032748025191,0
294.5131067668548,28.552597063951563,21.288133425623126,47.36670591692572,0
341.24629257444553,35.29224740352825,25.97257460948179,43.916039841560355,0
280.6210746262639,39.563101612702205,22.787311685845783,42.32377148029802,0
276.0242398004924,37.108584665015485,25.203311523132058,43.93351712183961,0
285.51769433453904,34.70172844003904,23.911451134150923,55.180214164200564,0
271.40014175223865,26.491670708562918,22.844512130139314,42.915501819403055,0
303.68010947984385,30.95137582116358,23.391276996474765,39.79497390858106,0
348.7403537540868,686.2706099386395,25.451576068171043,47.91716784577983,1
309.69237819348086,31.06412965006502,22.43701805426235,44.28237665288522,0
292.4293949362114,36.01679729999384,23.502376657952844,37.92383034566764,0
291.24566193253366,38.40871704407571,26.326546762528956,56.15748167601233,0
253.1042757391003,39.81251442900051,30.204959749748625,43.23760527206676,0
326.49329331441476,28.869103210936583,25.955177639106008,43.110652730193245,0
297.66488408961595,45.98323027489477,23.165476715645426,45.79917675954049,0
294.58560259228125,38.837396722770656,24.26577165985538,53.6505838460442,0
395.7932270353458,34.99142923165468,25.063178012305155,36.60127336740502,0
308.9625872509706,40.447682915383204,24.301150098728584,46.3799292471027,0
277.44626849714444,46.82703885999987,26.806116333473867,55.43636080896814,0
287.2092721138337,27.806399494715652,25.43494696602845,45.64364340369824,0
334.45337127590267,33.873686787543235,26.81570476981974,38.8233301034826,0
303.39811231613294,23.107841700633358,24.371112419404742,41.908015735196734,0
256.851660650479,35.96325766324012,27.651000439442512,46.034412648783956,0
327.5768680372561,36.826971209625704,24.66702883143691,51.65401957819931,0
279.9556774338302,34.8041894227862,23.05762026172402,43.303320777919694,0
356.19893328652637,31.72733214500845,29.354640762084443,49.13325898716216,0
332.40144197143945,24.752427419058375,21.350044506077765,37.82315586476555,0
1778.7058455995036,36.867668417058844,23.522522549390146,37.781408152024724,1
338.43049085205337,42.27717241957662,23.74594429633921,42.58599655657525,0
302.0356653158221,32.04490772133284,30.016612546113127,52.19014360936631,0
325.5832102536666,37.20029964511573,28.61371776829302,45.34437319756885,0
314.5419845188342,27.159278432899747,27.987856287284394,46.4490559778331,0
274.60930035027377,37.28606531846257,24.338682675247338,46.390397977867636,0
280.69350503047616,33.033088511276716,29.85235600768355,50.54603991293365,0
330.89882452743484,31.187910246985428,25.736704007681944,41.94889653731073,0
289.95674003680375,31.198181793919346,26.954526740606244,48.44142554244116,0
287.8905461027401,33.03194208983495,25.359390762212414,40.84558668072435,0
271.3463226195194,36.912166578462674,24.9010668573535,54.9163632796038,0
312.7079719678038,28.43918399402241,24.49644265214724,40.99804447851655,0
361.87574757729436,33.01442334216073,24.580720013161674,40.588053484606895,0
267.9740125723718,34.79264111000426,26.21698329735616,47.748349067440245,0
300.72658370018274,29.504803877340706,25.734399597550777,45.39894215716162,0
342.3666166624629,43.98332600837509,24.93705725959263,46.63426203130467,0
297.61075826262856,30.732522599693294,28.01904798539771,46.13656897746159,0
313.571153887492,31.652815431832547,19.066493862518538,39.548039005962806,0
268.12819415559363,30.10846025088751,26.01977449584239,53.066794645397415,0
312.8492129162295,43.992400435690584,26.435477413317958,49.467711029445546,0
294.38567204986356,37.76452614299741,27.29392573651034,51.79474975633558,0
1857.6765247490612,30.31703996878179,24.870257117893278,42.35834555444788,1
335.62158154694254,590.2667781982747,25.415840134767915,47.08261772357586,1
377.6869092605584,36.00349347144439,26.971896766629442,45.986842311173454,0
317.3889951964073,36.286267105557506,27.98233280856036,50.640013131007535,0
309.773889497465,33.27761395623774,24.398928029642462,50.80124065914809,0
305.8315290473201,31.252920065215132,25.53395156625512,45.965254014790574,0
1053.9005994745903,36.68883049527301,28.357147928697515,37.41024434078374,1
310.15451530385076,32.27456385002205,20.751945848242297,53.89830943543844,0
291.13795769582913,44.08377814787552,23.61997480037083,47.779937168450694,0
305.0538292880884,28.65354447378448,27.931671957205925,41.95781479304429,0
339.5279260682388,42.68078386427472,27.185075667216605,47.03271069133348,0
269.80372304161074,34.443405756010996,26.04489042185339,37.444532257737386,0
334.19635683387133,36.49542867010553,24.10280625378176,50.27676533735522,0
339.513452020196,39.165788833147175,23.23636300202916,37.64394127860424,0
296.45794419026765,31.84875352497782,23.817568761515254,43.89582753981459,0
236.34435302974217,39.32124192349318,28.096016441637385,46.22227224802775,0
281.76534038716704,21.462280723094118,23.74311462168931,50.19419855991047,0
338.90983639683327,31.400052333890304,25.202845928479316,45.53272338217187,0
299.31395813103353,30.379685963294673,23.492584710276507,48.17481436806275,0
270.02093303115265,28.732469938141193,26.685548060198055,44.85916545775224,0
284.8567523631535,33.925225809605244,23.922547439307117,44.8390702452786,0
325.2186007951366,36.92874984090847,24.804812219691172,45.42738625174149,0
316.4020070460414,38.51329999249653,21.633235733914347,44.05471039573813,0
292.83203702490914,36.20438378600204,21.77326352759012,36.567148784592824,0
288.99526764555935,902.2952055284102,25.015346386643014,41.15838253151686,1
288.24725552868534,36.84508218912583,22.349685689604478,46.223874205558495,0
272.32769446504494,35.62142847425425,29.210173278669004,43.754394982556406,0
348.4612706840833,39.68028083968008,20.8769537757755,44.22095458909047,0
290.3303859236598,38.88468351465758,23.39964940267179,43.38323165280642,0
336.5147556247649,35.15238206960314,25.0334017345351,40.68200803634091,0
345.63948155767355,30.513734969193717,24.26973412440843,42.53450269511853,0
329.94932694443884,31.735249220839595,22.791709086672164,43.46584127805703,0
287.0513906184585,32.25105320180983,23.084144321009465,45.02571570270925,0
312.11190271009826,33.42366833041872,23.018691845001523,46.966891722348564,0
299.2741318082725,36.34025213794877,24.426556610359874,44.097248545571304,0
272.88894417809615,38.57587195064029,28.90385817903485,39.8517237215379,0
309.73077845164806,34.744406534923115,25.15587459311642,38.00958980040608,0
264.6288062652059,35.08062393950236,27.36580097877505,57.987186036876125,0
335.63038165384694,35.71653152500002,26.013952691656282,39.35092484867718,0
286.0614810810482,32.4204734343383,27.22772479596444,42.40687499367809,0
306.0347896761852,30.37303871178522,19.40007139481283,47.585001512569676,0
308.4986361463843,26.22281051344645,24.39108395770354,46.804303047828405,0
292.23285078887767,31.524253209615637,27.614270846301427,47.604328462807864,0
317.60081404425824,37.365727266338936,23.856528354501332,42.786414652339126,0
285.75289030132427,31.485442809802162,28.524946329739223,46.192790353197736,0
326.1389189237173,33.8109648128703,27.967780307535524,45.306718321204315,0
259.62060959259753,37.332156437061585,24.061738567745074,43.43934316229356,0
303.79138738639233,37.603447482113346,23.993672961907286,46.2270487088567,0
358.16786997174853,29.602335739169806,22.972788315291062,50.276827733753535,0
269.99006026183275,39.98529678226821,23.740811536272403,44.88899888282336,0
279.66765088425444,40.63675044677743,22.53482187166217,44.922264231782115,0
315.41723548976745,29.3507507139072,25.85762236086601,50.34080517437992,0
305.38745345818796,30.88081565179423,22.087907013307134,49.80680179909407,0
310.51890297820677,40.95545341573096,26.207466032380445,52.91968220481742,0
314.6756139044299,34.265732393723496,26.256157393800496,36.218848827602116,0
319.0416440568531,23.901110262740744,21.677591189632153,49.52559591584695,0
333.2909952586867,28.00159247633657,28.099637212656678,48.00790022701089,0
312.2945597078554,33.75315187413759,26.027218588830443,40.57173801123368,0
292.7622703614437,29.18478674857699,26.49939604288974,46.25793958999422,0
320.1772110360819,32.93288114681779,23.482669596914455,50.255608738789995,0
356.99645804685645,35.161981068417894,26.244758236946236,40.854205387572996,0
296.0209876085228,42.311273020173644,27.252786899444132,47.212812145114036,0
270.76412085988073,33.54773041886106,24.802783201990646,49.35676837865509,0
333.21242007860917,40.36270899786379,29.00384491849672,39.64490218734256,0
296.3885650813921,42.143800810183855,25.088129269825874,44.28857153777426,0
234.81991361957893,42.17154834676038,27.28157160090495,46.50484188321206,0
325.4226503145126,36.42377296692784,25.58601761451731,41.019342472285224,0
283.9401544213823,25.183554260805128,26.171043065713736,40.60423400453227,0
297.2840015308752,37.30412432701932,21.657335464730455,44.32477699068613,0
309.95940991707045,40.241999439067705,25.742107476430725,49.00819858451846,0
305.714990393372,34.59466447282291,23.530049797485468,48.21867000596055,0
321.28355451417116,43.722919350376245,23.307203388444623,40.69293635406829,0
286.9354088829047,39.29916780733729,28.488206368931955,48.26083942557843,0
315.39317394528246,37.84136688576392,24.5724595038753,40.82030111916746,0
292.2135996724825,40.43190355602919,22.993396338049006,36.94915101003283,0
322.1643144266251,36.66684925630439,24.28173674378225,43.164282144763845,0
318.4610245203916,22.535947503023234,22.399099542156172,50.614846857928676,0
271.93683893866216,32.50430524264817,27.86776893639254,48.279802760706865,0
332.579463485251,40.98584013623927,23.60863851166697,44.99214096313403,0
283.9210966465786,30.96204329950852,26.058599867887338,42.91647258204471,0
324.24173394843433,33.88263747381531,27.71221342842065,43.051189319417844,0
311.0186194020402,29.775818430484644,23.999694637570542,45.54392452930398,0
355.14551030385365,43.91961297600885,26.064044864545572,39.65781257077086,0
293.29602052884445,43.40746228709008,22.93982789019114,43.25946327399351,0
289.52049611645407,30.580655524296354,64.15980029037753,18.562726464095036,1
299.417411823368,35.73649000194542,26.872760269233243,38.24462770774251,0
290.90460651497176,31.59752976117976,24.614787122478386,40.807758745512125,0
323.9982570582615,38.07472319515689,23.454332538222072,47.052533957431905,0
251.51068174690235,37.548415386211644,24.772006894320747,45.04755919970497,0
268.38952742560934,536.5107470205509,24.32003255529696,43.45619104403308,1
267.96591235262423,36.65959223853944,28.905889107999013,40.44286281231018,0
328.50922775920725,49.67703103194234,22.548930555570195,52.884249127946084,0
351.31840117745776,29.860381174946305,25.26960284658041,40.81010392660341,0
296.86652344387585,26.44698322781743,24.96332386673258,46.257964036308685,0
294.9353483042997,33.034548996492695,24.76517939931026,42.560654559631026,0
302.10156489339545,27.160058672198662,24.782766690123314,45.181396463191675,0
334.8563490782457,27.537688649970036,24.767858379759033,47.28804870970186,0
272.17940597428276,29.993426729010164,26.7461321326642,38.14871705396057,0
307.15106948204357,30.389055472841864,26.21796889298487,44.96691877923256,0
329.2559288934729,30.2269094902497,25.837823222745573,50.953643244899226,0
315.03282509819536,37.59109475222706,18.932021275709463,53.807509467460015,0
305.6874484979623,32.469054694573316,25.599589748326327,44.34993013372434,0
330.03138277701424,34.1024271256376,21.688721279659834,45.20840603608455,0
218.90303121002287,39.471163872504675,26.292640326271652,56.05666514300766,0
320.3362595859272,31.16838737609287,27.948994735141028,50.67462140799599,0
280.3777295061773,33.67727050647639,23.1475217748229,41.91357715372391,0
245.0810130943063,36.82879993046458,24.476438555314587,41.90508274556938,0
315.3360779857494,25.292160996898893,23.801288589894007,49.782747308936344,0
341.2097563548887,23.075472455247088,27.470863551513602,39.94481434977135,0
295.8765445611692,36.730586643988616,25.190055770544145,50.438633756694266,0
328.5862364160881,37.460071402834494,28.456658761132665,46.671499818755045,0
348.3683477396594,45.321100674262055,25.827508405894775,47.58860382013536,0
339.4474336075214,35.79047437933405,25.484900361271638,43.716330982599736,0
349.1989358811418,39.098698586290475,25.13641356520567,41.85087597876795,0
322.26382473215676,34.02263678207013,26.635984198514674,52.3099641543416,0
302.2630091670478,36.48613610792543,21.524627603509312,43.766313597232624,0
251.94102564308494,43.33628420874767,25.17068791104102,42.945324617130694,0
292.61812535610153,24.380035909371824,24.85990711254407,44.59931466060095,0
274.7026021405143,37.068081287858405,26.45083765431553,45.96511066358972,0
365.12828152493444,45.677933650386834,24.624596788251925,39.845874366402754,0
294.7234256270299,36.41017109604671,22.92253113167466,42.17564252896544,0
303.6961442035346,43.25286481616424,25.0147013498394,41.90983963046971,0
316.54456128121404,31.853939252352788,22.834318942263312,49.22640152303424,0
301.3080733911736,34.839762529181435,21.14947557482503,40.57018716000055,0
350.85153121292257,35.167623511942935,26.454244962970986,36.221160711209734,0
281.3205191479664,23.912044603206148,26.15812314538934,35.16452718546923,0
305.8382236571173,29.159110860749,25.934181887987148,37.64809932662141,0
277.7258824290586,29.51562460308007,27.605856843891623,51.807691014240554,0
260.3993246633788,39.11033039016264,23.66993621939215,45.08103299742026,0
281.6469272728414,39.36076552842027,22.13777171445749,47.50624543403601,0
298.88889608854765,36.620182213532665,24.85994044638391,47.682438635606644,0
287.1209332644822,39.12051448427853,24.30499940058818,45.2809195919616,0
279.2273706037843,34.17925293639113,23.315408566459862,44.62609351674346,0
257.810476089845,41.009658347697716,24.840301693024408,50.22263214909071,0
297.50683282113914,35.043942213160356,23.77678970759083,45.7299795715632,0
254.85838877906994,35.28932023713378,21.327989433286337,51.995487396317074,0
322.80167891068805,33.67203683368794,24.11764661841248,48.10414972644933,0
302.4731925880351,38.42225238818214,22.727249666592286,41.91101863259486,0
1124.3939237184607,32.894005916935434,25.463296143221847,42.51432988065032,1
290.7237276885041,39.88215688599034,23.68793048351869,41.362675967728606,0
277.4353078322825,29.339254296419966,27.223262948282102,51.087740109753575,0
309.5752353125754,29.505418726359032,28.207732134535732,42.97474523527224,0
340.21351338069434,345.21810676316636,26.358762746023814,41.00763601600184,1
243.74482591062767,34.55727892708494,21.89794763603336,46.5988902056341,0
303.4507823744225,32.73054291923436,28.010391997758077,44.51416446813749,0
295.1960161330008,300.7065911650089,28.15144090074753,46.47284256287582,1
320.14020229351394,31.96369292956958,25.037581022615882,54.44906951946922,0
306.3958988471307,33.99899372849815,27.645852320671064,49.5653540296443,0
277.44092004783545,41.996139750355795,23.896649723906645,45.135052771509535,0
290.4283819300015,42.69571172905325,21.267508130300822,37.95788307896996,0
276.1192242958953,42.86199105135164,23.479431122756814,42.500187513956824,0
332.28021415795797,33.589371115330444,28.458601732089512,48.55523051272652,0
300.63934946015826,41.15351452492235,22.017840152777055,39.14479480169092,0
357.0357205725902,30.25523586115661,24.99904256386299,55.70485148165177,0
298.18017558556136,30.465485626389697,25.068287786680425,45.072082813177744,0
278.7477969926861,23.247720736878193,23.974051512064378,45.244241966047426,0
1852.093161554804,43.36434100949265,24.11295680032577,41.66677403521011,1
245.90580971232166,30.68010075461961,25.144498268472404,47.48368878387859,0
1475.0363570676584,34.3673371012647,23.875675316130547,39.20999096738884,1
308.0137995303445,30.44837829035858,22.155883005664137,55.824462945507285,0
315.261750696898,38.4758262416507,25.430063885886913,51.58675652326006,0
252.564278939036,33.1218316964133,27.146733164889945,49.92148222598523,0
326.85114942228347,28.475915547835253,26.73914503730684,38.04785497105095,0
285.5081684494968,37.2083128209303,23.380529065220376,46.027066352288756,0
304.4037903595665,27.831349875948856,22.497544169244648,51.04543199007002,0
348.3666188476627,30.812971373422542,24.431624235690443,47.9655269967887,0
326.90517947596595,24.465554426869595,28.13558301959133,39.98945447683113,0
291.94408056282504,27.880209439011967,26.291196157919092,41.74953122345672,0
273.26423323754136,35.89264584860239,83.42326275844489,19.619201124790685,1
235.44553796012084,25.177319809485375,26.77971390357099,41.98281082755696,0
278.4254004227274,27.59427137689142,25.841533125037174,52.643894178551534,0
293.6660928351692,34.98815541933596,25.241217095227157,35.39493430588372,0
270.3846141854645,32.28196551953474,26.324613793295935,48.27959569829418,0
296.0622909872309,44.960183179796545,23.90766779156396,38.53848312535774,0
302.30555648876305,44.16948273012188,22.17107397726736,40.19374256274466,0
293.25432054575765,30.66038768624423,26.445993869248646,34.951333165656415,0
280.4999225752962,37.78568809201741,27.47547621149845,42.25472784420567,0
305.05964015900184,38.74641278439726,22.763536121287938,52.55365825769607,0
313.2582194870823,32.01260570987798,26.6438429648318,46.32412121232389,0
267.2880276767146,27.52229231750898,28.36153142677638,39.00819226500452,0
342.3279713923881,34.93850775345971,24.99550759648576,50.08573837189656,0
297.04235603147214,34.13577162592944,23.363995630516506,51.15652131784343,0
300.56548868834545,32.82117751514691,25.246037347053512,45.52023240519543,0
321.2464326976967,37.21158434082243,23.898932063598597,55.17374579076295,0
306.99648393790505,31.246351964972007,23.766539780087196,49.107820623123075,0
328.59409901739735,29.240012262104283,80.35299511955387,21.38079703407468,1
308.61372495605474,571.5684654659178,21.792541049940212,40.98310646416855,1
281.62687876078684,36.92985046284438,22.112142155015547,48.1369924281067,0
310.84510575618305,29.116775280499734,25.038581760747885,46.083956388022465,0
265.6882137803801,39.64045305495541,24.955382922175136,47.599145013355134,0
303.2567911732957,26.147594311119608,25.687109154079874,41.57707190429335,0
299.00310028066616,32.109432706421785,28.750450776966776,45.64049442179493,0
293.7564942818238,33.709957319011956,25.209028072151643,40.91569249892521,0
296.14387465683205,31.81888143674035,26.19634430066959,34.26433950016984,0
243.54452863507083,32.17469763224404,23.048934128770735,49.99152284289192,0
283.53825276777116,44.35537241154057,26.535875327033075,37.48805509155241,0
302.78534703423344,30.745579554805506,23.947218269778645,45.53593232391208,0
304.795691759922,47.20610861235957,79.52880518084713,22.362260303453294,1
269.16974577222123,37.18563389865526,24.782302749861678,46.63281507931527,0
337.97123522594103,35.46027568655996,27.06594846982806,43.58460463200875,0
274.01475455356496,37.38120176693833,22.38004689125,46.35605737639987,0
329.0837160158021,47.64963874625976,20.433522730769923,47.35483534892581,0
312.81583085615057,30.03203498034276,65.80452237099844,22.089976818350607,1
280.61318070468593,29.397910405318054,25.937062513810247,53.66720669692131,0
353.25932677828536,31.225669017140394,25.304538751615,46.17097075749103,0
264.1908950473056,35.1607157348228,27.464408474827824,45.32024422508851,0
327.57462520830006,26.371144375937135,25.874745348359337,40.46635517324953,0
330.01746954128936,35.11169619659304,23.87230333628028,47.179731619496685,0
279.88139372770064,43.46773566706836,20.34915969172064,48.33691551570284,0
341.7739590019299,35.75703695312389,24.525375531609562,44.038484078591864,0
292.4986045620314,33.53657270512362,27.055918004515597,47.72306252092019,0
308.6608088783957,31.909197756581865,24.21590443466577,43.53741903225329,0
307.8096551631366,39.492558522757825,25.05664052735553,48.35496326044462,0
295.9707377558836,30.870836133809764,25.842720508613418,49.56301157014872,0
324.3242481947935,44.23197960299624,22.96941525150037,49.49313933365243,0
323.80466161656636,44.666798738571785,26.246471793277635,45.589221630706504,0
247.54404080285457,36.283753993308935,28.27424358000341,39.80015924191474,0
339.13020728634456,34.942424559616775,24.654373296213187,41.9404347367909,0
250.12524035892977,40.153299041207795,22.741871156335396,47.975786619423644,0
330.9763861302497,40.47399251113662,24.86679794595605,57.24406152870114,0
333.8011541048275,30.970041344702924,20.551231782782263,43.29639614233959,0
267.27100709354403,32.36722433431649,25.673806527953232,47.2791883919407,0
287.6755713613625,28.38826282658352,25.904548755297157,42.219737212602986,0
266.8288599454219,37.04532469167029,28.351272587691124,40.1301647787545,0
293.55236909133794,38.33313941728446,24.61201041486675,41.61842068211319,0
290.75897147442777,28.250371810693636,25.81697067629294,34.58764011648664,0
323.3898159680802,32.724005475919206,23.2774237952282,51.767175314538754,0
339.30926238358825,28.263730412093253,24.287145758949844,33.84934873542693,0
341.87051432369867,30.506000948780812,21.949629126675603,43.68085884799684,0
283.1349592026509,37.755085301131494,24.61042075743353,39.10936052324973,0
293.7233437876642,31.3325896666086,24.38938169296287,40.578098923188975,0
249.4968542333715,33.49587021983851,25.59839953217779,51.88261329869334,0
275.82389800511436,26.863441360263423,23.75280623933472,46.00533495015696,0
328.9455489929237,35.93495104862332,25.166690701950184,40.173019204091496,0
348.46748470644695,34.778633400776755,24.333239888784668,42.05241433751745,0
262.96953384360233,31.35520374983419,24.33700122340097,41.172593897789575,0
282.2260722254132,34.054928511587626,25.16072465192606,44.7822716396056,0
299.2078272912322,35.90147440251722,25.08104588463402,45.864458423938466,0
308.4048347645882,30.92565925545328,26.522348078103278,54.4778738661428,0
275.7118944023506,27.618687279991104,24.75871393174033,35.418496170011466,0
312.7218313339227,44.027872163434076,24.300229301753994,44.825938426210236,0
285.7848195878725,31.833636476448635,24.63838510982555,43.42216153732739,0
299.56643187365165,34.51619948406555,23.570671766318014,49.732742638583915,0
316.388527440111,40.05419867510157,24.280177812866658,46.774090590891966,0
300.19266809432816,52.64527593785242,29.062317426146464,47.951811040574725,0
286.90842328420297,28.777567750555672,23.174642478608266,46.72543093007541,0
296.7117058822251,37.24913606863255,24.44268733224138,40.3400443735823,0
297.34911122383994,31.46223857352947,24.225022673460618,51.056327482465065,0
288.89966910353616,32.30604847711645,24.505656775511202,48.992524523078345,0
292.23611811998694,31.398939894966052,24.33752138224321,49.57764895862371,0
347.9594151151415,29.371725160997077,25.558480202442,51.32025085253582,0
316.8275834382372,34.793543191076694,21.579649797216412,47.0883755032598,0
291.1355904591252,27.627486564758822,27.07434294506401,52.40496202058746,0
320.9086321353221,39.73403783255935,26.265165599284394,46.888197858933204,0
289.9854153073197,35.275014680166876,22.51425682787373,43.904707059876955,0
335.19373912759926,37.1121748645072,20.461845454095197,44.966980447583175,0
311.0892657659428,32.66905694026888,23.045855707717198,44.88078115931942,0
296.78093567987315,33.16398032894126,24.514667077145756,42.403043389547285,0
313.43150777430833,36.43781952583664,30.16058379738155,53.159444241851105,0
252.873715437945,29.17974683797087,26.086513929948545,46.481476827518335,0
266.19697593270587,33.21004782793332,21.384820701637086,45.47369237916453,0
264.18224980802836,30.70193243060773,23.62068899019811,46.94137127463217,0
304.2882928429112,30.547155947044928,24.893575127454035,59.899272583685736,0
351.97544998455277,408.1751458598856,25.507367108596195,39.3413790570017,1
366.93900438577896,41.6966329474,22.370502279379153,40.77480744141862,0
319.1415330432227,31.567306234231154,24.730019544045877,38.09714491276502,0
315.0253342483337,40.81688027581775,23.56472172477892,43.83700380782257,0
245.96826797541783,40.34396160697146,22.79248287479537,46.2275922166368,0
283.71978600797934,28.570001467417534,25.519191293397906,42.673387408294616,0
276.3664874427528,29.55794382163577,26.547754346885643,42.30136600924115,0
281.37457205246653,47.80251479677842,26.682082553923237,45.71202433314066,0
294.9556854424563,43.754629709635715,26.148772702267753,42.48946087585151,0
285.83728266908616,34.842407433359476,24.005260933719473,46.550879135914194,0
240.62100568872637,36.28686553208675,26.42909952292701,50.57117173371302,0
322.437307683526,31.845767985264057,25.618108876208577,48.38515234900403,0
267.8177092278058,37.1617635710017,25.267883765904028,49.40506673582601,0
307.1774059233345,31.414090496387644,23.776613756596404,50.4295920575336,0
362.2224800924992,24.838231178508078,24.006247745316944,46.414140800593515,0
272.4184622524073,28.392221067444744,25.147773872249108,44.206794869784495,0
224.0913743176101,35.10546373925293,29.879748933971,41.13873464558402,0
291.4198733435967,29.34466382248706,25.60248496018278,43.0441091818214,0
333.02878904995714,34.663612675432326,23.777622995499428,42.38157233661553,0
358.7504236266178,29.626694802835686,23.335221110061113,48.658361633104555,0
263.1135121664275,31.088230387490032,24.016466774687593,46.73391277297098,0
314.90097669709564,39.26582653206596,29.35458689509813,48.483789313571506,0
286.0406862965984,36.23740273820052,24.201486708108074,39.19831571949924,0
296.8215493708759,34.95167789343326,26.81374106922057,52.1587474212054,0
379.33030041051103,39.394819865353256,24.248143509057286,42.86509814246619,0
254.9108901481454,37.403042966736734,25.52236908255926,39.49991678962669,0
307.6121898448372,42.232816456256835,26.583490548017444,42.80391117589094,0
314.030795152963,32.7007036884243,23.856194300380153,57.418829962937544,0
332.57358974818044,32.85182510736246,23.71777669169446,43.061415667542164,0
302.9394946041269,28.494453668043274,28.31773938891066,43.37451764264537,0
309.2415161851231,32.8550964131379,26.969185789791595,44.03947659685162,0
288.2505429773463,39.823849471512226,26.581344637381456,44.256898082842724,0
308.0738082373532,41.49993686131067,26.57455258624583,41.09261967099373,0
289.7042317350777,39.80152584043334,25.91915097662213,45.71606541603065,0
318.64715669568153,26.02904066725282,29.03555162635013,50.37797454099165,0
288.91168991869097,40.41572606330367,25.087816603754312,46.57144657739354,0
311.3130118170656,25.807406883639647,26.15452473440184,39.444173505500075,0
299.12211558945063,39.49058662061174,22.098174142811974,43.27827047533146,0
333.78150752316503,33.16107736714472,23.350078626817517,42.24236299949185,0
298.4581882923454,38.51266656966928,22.59836200032992,45.264697341174006,0
246.80902595379357,28.33775826052717,27.5481271670323,51.65225835781158,0
337.8576450214197,40.855838163530734,19.8949196959585,44.25558601989559,0
272.8280309741214,27.675126269475555,24.195379954494555,44.55922565564805,0
280.3870098405354,31.657725445734112,19.012586794678754,53.88822409409715,0
282.13016117869523,30.009526861154825,23.33742420903622,49.381029958358305,0
341.23314279512454,26.228575735887503,24.018102100536268,47.870406410532674,0
235.9297735806391,35.472637837942344,27.769742187588086,54.790658076508876,0
394.13245600979985,44.03044558918481,25.793255878442913,47.449056273970065,0
331.6817042719816,48.33452611160004,23.33371695334207,35.06736429011239,0
306.6971674238748,35.48577893543124,27.131927439463652,49.1633287894018,0
298.3531799815114,40.58340637533761,25.035664509059515,37.03995771440675,0
308.5666222457297,36.16047318964269,25.075133717414506,47.26002684291224,0
315.63367285138014,37.494415973841065,22.594656984456016,36.431282129353804,0
319.35646757850174,33.289256744363804,23.019972572193723,42.6657229480004,0
316.66813398010345,35.97538462711301,23.349805400108952,43.18107735195064,0
302.68742043765747,37.68739352303214,25.09292254630838,41.149404463841236,0
294.07984739078023,32.107701355618346,25.15577145396135,43.255740014044,0
295.46180149039463,34.61252850053506,28.08818532704809,50.16280860180276,0
294.15275158941955,34.70784940501256,25.770110335875668,41.430235439202235,0
334.0131029060119,39.132016586652625,19.584868612655782,47.725704397552704,0
317.80670166842583,29.669839141861598,25.52528397574338,40.1717518019635,0
211.7883409600716,34.742288956961744,22.099967287664935,44.05250211803936,0
319.6770232958928,44.560027345263485,23.068058150776928,46.619196331637255,0
305.84208584156323,40.82030076292969,23.37566105654734,40.0173579169072,0
299.43873730662307,41.745895244443524,23.673323352975395,38.44139783544655,0
288.3444464073334,35.122159200890174,22.249701215919394,47.45939075289444,0
333.7233815995804,36.60498781843012,25.406964006904577,50.61540199670319,0
328.4257938636857,40.01118083351463,22.17839542981808,44.60467490256314,0
276.81366996529175,42.80127764765466,25.713335214499693,42.71343546721648,0
312.21156861373606,25.241985435585566,29.473942154123257,45.77837693844194,0
270.8502979637614,28.42279346475077,22.341281882131874,45.2773995938269,0
258.6114550563321,41.547220507013236,24.430979391321557,46.21451270355626,0
281.19848326230107,33.615553221155984,19.95308527497506,32.35877449843143,0
325.8718041714828,31.641396053709613,24.398129414059735,39.65447854417018,0
328.5937513612826,28.72919506502198,26.285434305262967,40.77384947281573,0
315.3925626029188,32.224916492279455,26.441278462714536,45.75433814255781,0
321.7528736054399,27.988153582880877,76.68243090588435,13.123977828020571,1
315.48534861344876,45.45547136366238,26.778526849517952,48.18090244342018,0
280.75555214331143,34.887819740097136,30.092109071885584,46.28790874605218,0
312.9576763402182,34.71024729118641,28.4246093748752,38.49632464806332,0
324.01228575683047,37.94038337583916,23.954958141180725,52.2350230879253,0
322.62873989440726,39.81172584633285,22.097792027066525,51.35959151711183,0
335.6674011442393,39.729440782773196,24.18769716685239,38.70901354986537,0
321.24911541603194,40.368109719537856,23.106034468765305,46.66352647187092,0
310.5434462262475,31.84577224604572,25.902695095729264,42.02287807378492,0
332.1045071494928,33.510665975215694,22.637612921141006,45.69431994600274,0
299.2043622225282,38.845158277211375,24.854355134819315,50.26655139820935,0
273.54376046316844,32.3630546918019,26.67602810907262,55.65052133160479,0
295.1079910816871,34.97446683986387,24.798608254365647,48.75638852571305,0
277.65292065580655,36.99381882212407,23.107372354504406,46.474673675550676,0
279.7446517507685,38.92592541155188,27.349628115171384,43.30089415845851,0
295.66443987853444,26.111595188148993,21.242038110492345,45.91067435505588,0
276.2274023700012,38.57372824944473,24.344409888245075,51.79885946664157,0
290.7611541108288,33.83137971074137,24.91667995323733,44.77645621620207,0
243.19155999138644,38.537288554321904,25.031817316799263,40.56943674326175,0
306.39881122118817,38.884658461774144,25.36099211215616,36.90155067241687,0
300.0361642608667,43.03957530559579,26.220879639618985,47.56523933705125,0
275.4873410679543,41.76726823810601,24.9291851219093,46.236440628138695,0
319.7773700529722,41.73285831305148,24.26388343571264,41.77045913368852,0
328.12710412879676,42.218351595831194,24.184821310680608,50.13007062853649,0
251.77320406893077,36.45689492407973,23.77696839592329,42.89111567806185,0
277.1182566430136,35.1609254351842,67.94995705030834,22.138242114010968,1
276.92572950638106,39.36408541589167,23.70694304104697,44.91667933351028,0
271.80290696673404,38.66040475716511,26.69354221801649,43.24523628930956,0
324.88424525795244,33.4546688163087,25.037998164519742,46.17932532874786,0
840.7861001112506,37.02411704404134,23.95749038628774,50.75757572966501,1
292.0645547606817,34.82451766607703,26.23681443148827,39.287590509407885,0
239.8841290677974,537.4831735915867,23.545092150553764,47.44260069237004,1
319.0625409062768,41.45230370688175,26.276368081456425,45.8607933480322,0
262.8222481543958,35.27599621265045,25.42545224238357,45.76881914772353,0
301.79797890798983,45.24354128849426,23.80735062181616,49.359222849370454,0
308.32130813874574,26.872538649000838,26.05726963066912,45.246487126085796,0
340.81975787515955,32.21610613578317,26.093179451377278,47.401146309528514,0
260.7353880264266,35.16319418345436,27.315039211619915,48.57932314785574,0
209.41463532537523,40.68690548814457,26.932294024818592,42.47817399809697,0
305.51548634261087,36.997346863010925,25.982548041452567,46.49591730406899,0
354.0153354453256,36.55236377090376,22.744818097582474,43.74606196394684,0
337.1683905881831,29.363681037229263,29.897173976348114,44.33659110140052,0
306.2897824582388,29.215293013852644,22.19276757785638,43.389693017608344,0
285.25091443103855,36.61252330144952,26.89852634856462,47.35540202048443,0
324.2136778991193,28.17947003090821,25.862567633772596,45.40822354509127,0
270.7936140088659,32.34061124855336,22.65171525503777,46.97272017158337,0
314.29073308068655,37.504586645429285,24.751398122243003,44.91241318552126,0
315.1641047749988,30.08837863861612,64.62852962693506,20.33403461512844,1
331.8062972249664,43.026779811809035,27.611165431621046,45.15684208049854,0
382.7898011673323,41.11968172118945,23.573378199439578,45.31768977578408,0
311.772479015363,27.142900008308498,24.476109987151293,46.2129796857673,0
284.731091228775,30.338143784090065,20.327860789957473,42.03135403157129,0
299.2327706342402,23.571113777525248,28.469525586247155,39.02265141667244,0
246.92772285332646,31.087043187259333,22.859063513959857,48.12303322447139,0
279.15860606732826,38.831942382861996,25.65382172847835,43.631967217329155,0
287.7215268566069,32.93052528862572,24.79718434055627,45.85622023842498,0
284.27734806196224,37.303986218079835,24.80399806643332,43.592699600558525,0
304.57064616101167,27.388328408591278,26.619723969741752,44.96969087113202,0
275.327402028534,38.98987627290953,28.342524920607268,42.753573260320955,0
333.63092001973416,32.22445386035825,71.44116773760031,13.379550645445486,1
300.0062119475459,35.060848411414526,26.310156035261052,47.36865830384328,0
299.7209903658412,34.53562749303474,25.65778307345408,41.9843995588694,0
290.16315850461245,28.642257395538582,27.03506284786125,45.81975740447405,0
304.65572051576936,29.234578341301088,24.074167241027347,47.05230110951039,0
324.75294794002906,39.83897234501713,27.150781108832827,42.06593642198459,0
273.986093528673,36.994960787508475,27.220999731294768,38.980571828135076,0
1363.0423848233067,40.250245207767136,27.165074017365818,57.130428069265264,1
290.88821913670006,36.62329117751259,23.679704265327047,42.36114062027287,0
259.62387229580355,35.71495317404608,24.66332473152562,48.11708579300579,0
275.42226420835505,26.36994690666617,25.47893397756087,54.69731774785062,0
285.71337379366025,33.64816651619415,22.258315910341988,48.94953873426947,0
326.2316754213818,34.86307839798128,28.18984041617203,43.49778595586224,0
307.8768398700578,44.76553599136287,24.97544693299565,44.664418062324444,0
305.8076973410263,38.43478316049339,25.567855775209445,40.83696390130576,0
325.52693886503914,42.680305908547645,23.845991120545595,49.40848213478871,0
295.8788463480181,37.987688529473644,22.346244881265953,47.83135354029344,0
311.7139454978667,31.443483865252603,23.791940229050457,42.42787090869128,0
296.90334741202514,35.585621080749256,25.438408375267176,39.789125964507775,0
307.9608704819889,36.181118231321165,26.346857625507386,38.393831311681545,0
282.51724027165255,30.30422215114659,25.32358308120544,49.93257001902101,0
226.83548525170713,33.07806311703539,25.6934480324839,45.6018656447778,0
295.9716251344109,33.97116503161414,24.325947250637245,46.07492268166376,0
342.6824440829982,43.02809916282559,25.992497132490858,40.88525687068822,0
327.7864620672478,24.596297373045108,27.965665732771814,37.68248448347797,0
328.9619245377351,41.02909210358022,26.409578884877973,49.81306787355816,0
337.08392165418655,30.316023825203086,26.61908377650588,45.210195184986155,0
302.6597277288431,28.13960406365193,25.588032798613263,49.5361733002881,0
305.9194712221679,40.89971065019232,21.993689860800796,43.07033436742218,0
281.4704431369695,38.65949034617191,22.910666938737513,43.815910784815706,0
290.5178143191885,41.27259351190595,25.909751601327688,48.566490883103164,0
318.47313449313424,39.00350973772788,24.978121896079827,48.661740398252626,0
336.1165331150645,45.29922500868701,25.879685772945656,48.98782811342977,0
295.81661172957,37.793619184722424,28.352846835688148,43.52399373448652,0
286.49432205445765,34.21761311938421,26.452071998458667,48.07273618825434,0
300.01583876569794,36.71463188660671,27.517772411485645,50.54549732738359,0
318.03620246787347,41.21734564172982,25.18936277894146,44.47613994159233,0
256.68435551599373,31.103123373699415,23.38556864503112,42.432558181129735,0
231.11457140588286,31.740557087343095,24.884267681571316,51.71373801658383,0
283.4838945152525,33.45519992701046,23.390496372561724,41.727771332243464,0
263.37862722257523,24.477086006173337,28.116589913544896,48.147382485572386,0
284.7557940705807,35.69039204208774,26.58078215307094,44.70788844740069,0
295.56659043547586,25.56935648024487,26.04102499325656,35.7921719175772,0
286.4025477293096,35.265296564663096,27.471886404456207,50.6429703373929,0
343.57402603412237,39.32644878067625,20.95988717095355,31.21073185226316,0
309.8023429380696,32.615617696780824,26.17627590268532,35.07935966621196,0
309.0142307883248,43.38557935093436,22.378708431391253,47.63665039740336,0
318.66621432130205,27.69749550290756,24.985488603068678,47.635355993390576,0
1473.536768856261,40.956303408159165,24.37658481506557,41.81210071061232,1
331.17335362260803,38.3756852820346,26.323473224193897,45.739110451516225,0
297.7270714039362,26.419833758446558,25.45637457792191,32.342849771109975,0
320.1144185172364,48.55397149520266,27.690234347223576,48.534877322353,0
267.84428300879534,34.68127357248017,83.00895518183476,20.021951859715525,1
253.38723701951807,30.61257988922184,26.418228779266567,44.77178573333102,0
324.53668974075083,27.964564026079916,25.324446433797664,45.10420741068886,0
311.2922857829255,33.89990986170163,21.729419459856896,47.46627088096516,0
272.93845336927467,34.3629656380502,23.162767082953934,44.8554923825107,0
273.91010756175916,35.51322764269832,24.70024393295566,35.6297224863439,0
333.7630435324431,33.5110192188802,27.224584899783455,55.98166117261261,0
264.31764321398015,38.16612655057547,83.02347311843918,22.58532937501309,1
349.2801885976789,33.06185083668377,22.66499835223857,38.57527669022586,0
272.9813779605639,25.325179413797645,24.71936754390568,43.274313847617044,0
319.1517577682515,34.25319252175179,29.035612897586063,43.8198290492198,0
290.1414457275305,23.16261173313361,25.222446669681716,50.39424783254482,0
318.0956229324703,36.76885315445695,24.34534884985521,34.20365532340116,0
283.6765799365742,30.103498848586824,25.98347928151244,42.50495867785106,0
295.1162128178312,35.816801774579005,26.52678615916394,36.19681778331248,0
301.2275752618716,41.57037490762302,24.087663305039882,43.57452242085831,0
269.9343763265558,30.25625652366,26.005149548742875,42.63749553457548,0
322.2247303626038,40.30628129256059,24.34222100665838,45.39847033691356,0
284.6035930058525,32.83305216656923,26.438655203658875,41.97562800495408,0
293.1420025397994,995.2072224495865,25.33938631594257,41.24488304304738,1
270.16951876174465,33.17423693400893,25.963935654105786,48.098283458815736,0
223.12999023614069,30.797535072466545,23.48163290766499,47.2733637047129,0
294.26916712199494,38.43619225197644,23.35742723185428,47.75699171389121,0
372.3784626483875,32.82105135188182,26.89099460931879,44.11549954754579,0
323.5381286369407,318.708290799712,24.841207237229014,42.14130708887405,1
299.42218860796817,32.61080074648105,25.570069484198722,44.40573758989615,0
292.113275123752,34.77696733908499,24.38720914582696,47.50581035034226,0
300.6739767843614,41.71090065622427,26.79745354802729,34.11610149514076,0
316.4135734552563,25.329561272702115,23.784380039940686,46.97055965185429,0
264.57561554073465,35.115403294752106,24.728797520198235,46.54569093667399,0
333.4296508400662,38.124517973270216,26.571985625406263,45.31075453042863,0
321.4614394632373,35.96724287495898,27.345935398328532,44.253432890641626,0
321.54557177123803,41.54932584716767,23.952481417946633,32.169403070337935,0
313.1542721642918,34.62827335120738,28.919367963911768,42.80073368449797,0
300.5884997308197,34.077242789070276,25.626483387387232,53.94719355538687,0
320.1858370790046,37.96164773506672,22.914143476382524,45.064506477841526,0
317.7544240122413,35.49656907475675,25.738104097179935,43.46355080662641,0
289.3787786717693,33.04795630859765,24.234001571033083,45.084530977950564,0
282.791946813093,37.580720197931896,25.868136974366355,46.77386434314004,0
303.0556888578596,31.737358533916776,24.914287504679322,48.29410122344732,0
346.47060454485563,31.944114239903367,25.14854738038029,43.85559918421029,0
262.826787730383,32.36002989117193,23.17681324682771,47.124598011968416,0
255.9742420274268,41.76534580083204,26.98012246143272,53.3832540138068,0
304.9428252370955,18.894918220071432,22.687745265697934,50.031253997163574,0
1129.0550460448128,36.977994173814714,22.78247020919001,56.701501079284895,1
305.20024993111224,35.17135907100111,25.734720698294975,41.71614820824142,0
307.318595937255,26.595647703809398,28.20568849435594,53.380947537510075,0
293.30393236095586,36.54863389568001,24.294813805871186,41.046631800387026,0
344.6959031580625,37.37875995915766,26.40194464540793,46.76783073370232,0
251.97288064570452,37.948196156787,27.146680353727092,48.662382646190494,0
275.1450892565926,21.740859684775256,26.62936887458814,42.44611404047764,0
296.90235719552857,41.831947059272196,24.377583421652638,45.43982138737138,0
250.704335665375,31.311316476575797,22.81790656561185,49.5523055122592,0
294.72436786703787,38.432838733765884,20.58490486865729,41.44864550844046,0
349.8441049718405,38.70536890341143,24.474319001075212,53.34691729773824,0
1746.2950603031636,30.616514571903537,27.35617473712435,38.07701687636325,1
306.9210271715605,38.30229976175775,22.751668030476132,54.69845721364192,0
262.1950570448226,33.07253379543821,26.40041969503753,50.00663067399796,0
281.50915775881566,24.643114103309212,52.70011154415782,17.42884560783226,1
288.7441085902819,40.83870962763889,25.212145152773676,42.986658943816344,0
290.468547097313,31.1247751849188,26.415583228310037,42.464858686044884,0
338.44931385011307,30.72753268630973,23.681009126323143,44.32102179871492,0
316.73073182175375,32.98467065981639,25.340969361393828,44.757520692255866,0
266.65626129188905,36.361183626636944,24.169817326549342,51.276131233172904,0
307.39514335296013,34.71364794588949,26.410297317876353,54.843270501922916,0
314.94665245490353,37.74033462353585,25.470634336969276,45.99689960327004,0
334.204471155638,28.302553167356706,25.113015348858536,40.77185756005298,0
347.4162205970512,31.288068147846328,28.116699920283956,42.27136979681903,0
269.54717424516394,617.2783676690142,26.324612284736602,44.084546076943575,1
275.67427466368986,44.48943646329353,23.619296267747423,39.84938947351612,0
262.2726642325615,34.43093730793121,24.828272198404477,39.10529298946311,0
292.97940422679056,40.42611131830816,24.84820242984068,55.48563606186514,0
313.99075123339003,35.19277584392159,25.16063914525042,46.51306762973127,0
329.62003549767303,32.58170681281216,30.04901855321499,40.834334331598264,0
297.7214692907243,33.7663778794278,25.741703785421993,49.08301785178856,0
290.40457430235466,34.15790143985559,20.928194859790448,39.108269375965776,0
304.5527397674622,38.018228694803696,23.914402056566068,39.51993976064473,0
274.9457129510993,41.87305633788277,21.135255825008382,40.984787994678776,0
362.6861616508432,36.79840423843161,24.340403485908322,53.27256640432517,0
251.77016918645825,40.93538839370878,21.025379540547142,43.73559967110813,0
305.54221736687174,30.176051311851573,23.256819057863144,32.791465065487564,0
360.7081865768892,32.926847455929845,21.95855694073176,51.05032966587797,0
300.20399533679995,31.378487328961665,25.768320355934954,43.468093179188216,0
294.2988289499552,36.57222295437426,25.001078725257756,35.752959970607975,0
289.2766373156872,33.205208074102934,25.605924614997463,43.41658256018295,0
294.58824954712776,38.64886468517098,24.79089722286295,47.60501948302451,0
341.1854542402959,30.34499144183779,22.211404499591165,47.02024583266485,0
233.6441426601148,35.215154866606404,26.027042738509472,53.992074895824096,0
346.0030110388898,38.434289555061284,28.844449120538904,40.736160687150345,0
257.28128542649563,24.67348612479695,25.818425157213092,45.23360060132486,0
292.00043012296754,45.608156536651016,24.148150801364867,41.50215360710789,0
287.1226673910401,33.584240575600624,22.14386564778911,37.28903552906389,0
317.6565980931216,24.874800431619136,23.18386605848007,49.42763686152978,0
252.05626944348757,35.79046949288393,25.90607931314412,47.3163478457376,0
313.8651799824583,35.16721733986576,27.14623605359875,46.418392248494264,0
360.72928869860556,34.59052810213753,25.52173234944395,47.13395096629322,0
259.1047798622157,39.95595556463333,26.599774579411967,41.5726357365579,0
305.69118502831185,38.73722485713528,26.415356488054485,39.971524563409034,0
280.1405346661017,36.48938095511922,26.013068782771835,45.1882368608468,0
312.77661618579106,37.25077816973324,23.683052809477488,50.80605701205807,0
300.57443332247254,34.47820775280957,25.347847023950305,53.040385677267736,0
280.7553927286707,43.877454246200244,23.303244392235722,48.97716353403717,0
314.63616854613224,27.604019908211168,25.034857905916205,45.14587213384048,0
354.1304432936023,35.69825837107948,25.661727062133824,46.34891964699968,0
294.27288624818107,35.3251231559439,28.35756761477371,45.05796929662686,0
321.5927382644455,39.06640203032296,22.380536051264734,39.87028330150286,0
261.20181126386507,30.780730612875505,25.963015261982612,45.12323689105271,0
271.30690869545975,26.28163698801732,27.96247318324719,38.32586591205754,0
314.1721883364113,35.78411508049096,26.517695531677592,44.3796138694848,0
344.52348085607895,36.40615246109302,26.665890885650082,53.18052555298159,0
310.6684004635698,42.447997047238246,26.175389803735623,49.11429611391676,0
290.60825908430536,28.648189768374568,27.596668979550834,40.384404078817354,0
299.9787421627006,40.7734688335836,22.825043663775265,44.63785465178859,0
262.4877679809085,46.837071820135606,22.22814666805951,40.82811844122631,0
318.135459790661,33.111175562387615,24.987331719069488,44.68743115911395,0
326.46999186970226,28.54528890253388,20.67767579285658,50.20553908262281,0
286.4372900150076,32.96512816813314,27.46129160835602,48.26503969154952,0
285.89873556721494,35.0700248368569,27.44143039099088,57.420720403726676,0
307.97634688956146,37.818939375034574,24.133298889830947,50.96238701253786,0
286.89840791878214,32.04302635080976,24.25845880667898,46.020001905388455,0
298.01602156122533,42.77599267073671,24.855305049698657,48.385749870666466,0
362.99165367499546,29.427338424959693,25.10404130087924,43.98778412908332,0
292.5892289776201,26.303974239136,25.254347838388572,39.36247876456752,0
289.2497954393633,40.533552121436585,26.116464213756608,51.528882891437604,0
280.5737458309452,23.626894843969,24.654747293983043,50.04495738465824,0
322.32575914499813,33.97935115563642,26.88638660695559,43.79472892703018,0
294.5632748034569,50.58840564604024,25.891895554250606,46.36967868465669,0
280.51880885035723,34.93978223520034,23.78607310825473,51.20469593692403,0
339.63912096819035,29.39616174651875,27.670225335608194,49.2317571310301,0
342.5880901354091,34.71301268106603,22.283486027755025,37.6844937437515,0
281.98729302783886,34.745996056902335,24.815668378357046,46.21810010744912,0
244.00380145918152,35.80324970176558,26.933834802150937,44.16184237255818,0
330.22541069510766,38.311314910798096,23.55385379017571,50.565003495693404,0
279.4611052271999,29.804444158161303,25.619111293534303,50.1552136939133,0
323.71876797488306,43.437740276183966,26.086679193998094,51.59303914089023,0
240.89688546864494,36.22557142186309,23.27895226403752,39.41052830639896,0
326.77792014897926,38.63397023200902,24.85504456081193,41.07944232971881,0
263.66484212157656,31.859253001221788,24.68699233958158,50.570412180677195,0
321.92292357199574,41.431910684977666,23.896524296335414,42.04177092328777,0
300.42819203509305,33.71473795593467,29.60334970410155,37.39283509542846,0
271.38181741810064,36.38776256746766,23.473787293109048,47.66298243807033,0
287.78891061219656,30.334469614064453,27.009860588135766,42.26390779867014,0
320.58955370870103,30.015341867989367,24.214397966237716,53.948953851542,0
303.17683359345705,38.44102653226442,22.826727622229438,46.48092276994232,0
317.53238941417453,32.78196584896307,25.205628486310136,45.80129643320833,0
359.2932175354646,30.730884562478114,26.298186768775,43.153780541921215,0
253.07275164866846,31.78408328986485,26.84101915013136,52.954176669634855,0
348.51637724905873,38.4947653585871,28.12453022131014,46.792772299449105,0
303.13067812569636,31.854810693981946,30.890492579870198,42.95750240921897,0
273.03647855030613,34.41172534198918,25.501028407511193,41.029581466972765,0
260.0905912278303,35.07513875143548,23.673815652349223,44.63263472717891,0
294.326388276689,25.413255569948504,25.905748653589782,40.11176581422597,0
327.6495033577338,27.64436797313241,24.46757409918702,50.14438720839472,0
296.17352638867396,36.681389446237816,26.85193225970446,35.95828972987883,0
345.33464790742045,31.314853194236516,22.405671407268557,44.30242985833465,0
1298.8177645085946,40.283624556402096,29.736669084800873,48.05066772543967,1
299.63733156461836,39.83403552125272,26.712096189551026,46.710597100548284,0
262.4281966676064,38.59584333177719,21.63199196440767,41.413585134921654,0
310.908956478749,44.09885893656299,23.581942195370054,48.30129353353275,0
326.606621702919,34.58455336128409,26.63216208822788,40.56980305807046,0
287.3771461895684,38.2444096295192,27.35268811234291,44.88807671751595,0
221.87358430118599,32.077995117019846,22.455524745536074,48.25920785990178,0
305.96844440389486,47.26184956434362,26.426051700865898,47.31456389746557,0
313.1021565520053,44.918168262180096,21.105320254676155,41.62480494290266,0
312.12884264885093,35.05940217258896,24.821328269057908,50.987472582821816,0
337.0734657546646,36.93293114952596,27.224093684206412,45.433472857427674,0
267.86838961052854,41.79648799682403,23.896968539794038,48.71497705469576,0
320.4064831635135,34.26430247592946,21.986155401723973,52.645505033366234,0
335.77522537433924,31.716879646001477,25.29242959275512,50.587602743873035,0
246.6423724798045,39.369948755034414,23.790562266729044,50.60064703165522,0
309.58955477756933,35.39219623041835,26.25911673213167,45.963399649247364,0
284.87460506976987,35.9149722482263,23.22934713556388,48.96967560455255,0
297.5543198069506,30.828643284660174,23.4547262206938,46.06798287282158,0
310.43029450615006,26.41163925818302,20.957995358247512,38.953377661107936,0
285.38314307659346,36.1807120493955,25.339889422102967,46.51371896252521,0
279.7287576251517,39.524810207471,24.678190123446804,46.28180491869233,0
301.02457252464075,33.87096625461979,22.62323065851986,47.91864680760909,0
267.3826218341159,42.182147597794334,25.387597427534185,44.360015123933024,0
267.42524613344443,31.480418372922276,27.054140601288278,41.19272221618075,0
320.3811984886951,29.7264777251704,24.5688641131621,48.28253041587614,0
265.5361789452403,34.663848464019345,25.536333899643946,38.43363856373876,0
319.98937502727637,34.58703712324355,25.54662249917033,52.29409567928235,0
313.87773878561853,38.849843656676114,22.59134034564208,43.84290969397504,0
248.2257981362821,31.125185879680075,29.113171641415192,46.22764086028084,0
279.67306042993033,41.84047118407449,24.058300339755434,47.79279076640786,0
335.82328209142116,44.834584812541266,26.312232403720543,47.953440224220955,0
270.5650340658095,34.80427986515829,26.5384305544581,37.95507850024133,0
286.0678721307184,41.24855210092159,24.720809745768495,49.12043290272132,0
313.8618267975569,29.7175146468737,26.21359005011927,46.515769141881364,0
323.5017152784779,40.37610770590958,25.491638443632777,41.823693077206954,0
292.4538334186651,40.23638204279731,22.16472048554519,41.25166524527043,0
282.0746941592507,39.317186400949396,24.335454597499822,43.32973458971577,0
1099.4454235652463,34.92218455564853,23.774898195291875,38.506291566947546,1
352.16698991392735,20.228755293789845,24.076509917307746,53.611336954935126,0
329.36574152345383,31.79136428173935,22.391993644326725,52.43075662571672,0
302.5595442769507,31.870419911576988,27.25286743349206,47.2585010048797,0
275.7520283507722,30.108725309697615,28.203985309226827,43.88300791828954,0
275.08666780330304,35.61121502273533,26.95600595199682,44.01446006031302,0
315.6754231579727,32.90518277239383,27.541058448294287,48.79032853086984,0
312.55194662666054,30.87693995117489,24.310730325983688,53.78913449750975,0
342.04795778839286,29.7059992587609,23.727486330027926,42.14801630201628,0
319.5135027760842,31.422435072573858,23.442825906376576,39.41206978688338,0
254.90759094720545,40.60749605924964,26.288129845914444,52.73820386797635,0
331.5584285316876,31.69487472686253,25.4541261062883,36.064307062077745,0
270.0581811805676,32.425306467833636,24.845556576803148,39.95734595873677,0
288.48086184142943,237.71165890298622,27.590297088390685,43.765710537445734,1
307.50600618755084,36.6949675690471,25.809882707630685,37.197832660974846,0
359.8700246935189,37.281247442642666,23.32268472495883,50.56074531403299,0
393.2975566801608,19.77671730378419,23.63818234172861,49.2845263525255,0
318.2016917740855,40.10817606913804,26.36398659850829,42.12603386392342,0
294.5041014383884,42.18184017121877,27.083465705309195,51.39807059588874,0
316.0351694544165,29.749067313191652,26.10336046451194,52.24646214201913,0
326.62966277621507,30.138508776325825,28.793777495744163,44.43414675854968,0
290.37997123328427,32.748733061108645,28.27001433146284,42.74665911215996,0
353.85634067736964,31.219979902716975,25.882071669701524,56.29801013871239,0
306.90212277574204,36.119634369733035,23.322838681036995,48.60580911042077,0
314.9322926727418,25.267373568205677,22.380024976536465,46.281623264844264,0
319.97772756163386,29.410361959816303,24.22523650997057,51.817729733198064,0
312.64759831843367,42.69598600087454,26.506426892832312,46.50965317501511,0
325.1682150140884,30.35890016325991,28.653294158623876,42.471897070404054,0
281.4824044035923,41.21714139051463,25.8348940688216,45.40079880243777,0
283.2509473816191,36.776690977950686,27.337445588462472,50.19327143659868,0
266.99537301084916,25.95366142705871,24.509385027624397,35.03907216825393,0
313.1850369186068,38.17664597608103,26.2455382504551,43.5598463028039,0
323.3680951053634,34.41166348903573,26.646713658954344,51.91528699290802,0
313.7331859845566,32.7226647187513,21.040811448294942,42.440657994532415,0
350.2347730004261,36.224785465860016,24.17312239524698,52.730542802157046,0
299.8321194351286,37.37316742783396,26.89940076855574,52.07371909679907,0
320.0622496677754,38.5379591098731,25.54893667127313,44.672354422555244,0
1959.292065304416,40.89126423774001,22.606969903698133,42.157303475555,1
288.387008925768,37.04067956389178,20.13975524854529,43.563205629251826,0
320.8661327269733,28.121829556068192,24.26843850939599,58.323072460007175,0
325.4730633222943,32.63177271174405,24.85682861421224,54.37212223466622,0
291.1809915700745,49.715241676343105,23.23215410034331,45.62695485903369,0
297.852022444258,38.62245530190864,25.28616987405599,41.95923224189795,0
254.4637875995757,46.846436504057486,26.01277349446579,45.58520517790632,0
289.2891239758017,41.977170410995924,26.341374341452465,46.219134633083826,0
326.7114949055936,36.209010357778745,20.288162150135356,38.78320631195323,0
317.25615048319696,36.50703534890559,22.37142980438376,45.4002063460763,0
315.0199716414363,34.81709980061577,24.39075470329053,51.61202162405865,0
301.4932106154288,26.3109769207675,26.144346262074926,36.003216593917635,0
300.2118947588453,35.09023626234112,25.97846802710007,49.132919825686244,0
280.1903658157966,41.053372762710985,25.943739895753353,51.8739898502739,0
320.964852606076,32.001800025893985,24.233164116062138,42.19721327452816,0
312.6291883316817,37.059764995309045,24.344733125380078,53.47087879095528,0
314.760565439784,39.257955229465985,23.54334146315652,41.54831468775827,0
284.2189547199726,30.451597803437622,26.536388256211694,47.20541330930202,0
235.39971240386268,32.74348567828168,23.159022424520842,43.46613657668185,0
332.91458135261087,29.910442547614206,26.70007279037914,43.46501821418698,0
285.6348763197479,30.889171966552965,25.415706476275293,41.91350465120977,0
274.1167270787064,28.56197358173469,24.909911043089693,48.4928774043101,0
320.80436735741984,30.497757693109865,23.686579200447067,49.24402728865724,0
288.2396208024261,42.09727840398919,22.288916277671746,44.67788900211406,0
331.79809152139865,30.422614854548538,23.70469448724391,38.200158931638626,0
318.51017848730095,35.63229609530345,24.339986262750227,47.015850833171946,0
320.50707969601433,32.48565623164522,20.261951376837498,47.11007179705347,0
259.021328663984,40.894329685184694,24.60528968933067,43.91642494306786,0
336.358319561592,41.55581148301808,26.84871473605201,54.336156435904044,0
307.83751593701567,39.32034991069474,26.134435810867746,37.18035367549673,0
288.9216858226139,36.53067276551378,24.007588248516985,33.91358144873216,0
304.3016540202675,33.84470231579551,25.093872596830455,41.34582550151165,0
246.7129430130504,29.040626479043752,23.887670861156,48.552122670457244,0
312.25958434442015,44.71764440561098,25.29752146667139,39.7207768128308,0
269.11885475453784,31.20163491123723,28.080215647488064,40.09514540736962,0
259.41989142469396,38.318231735164204,26.93699760524975,49.755106680890776,0
1319.072360623212,40.297827863116986,26.041588611385507,47.31273961398875,1
333.38065124969773,32.22359751547335,24.014230175232562,46.885304548142,0
281.12209818921633,40.19006263657981,26.499876785889676,48.907144597327644,0
346.01183129749495,38.821066016694274,97.46254098173989,17.645202002924968,1
283.9259561084311,43.63981917690882,24.495293036018218,43.105079629709046,0
248.77926127221158,32.653267667866444,26.167422839647898,49.04889636280713,0
266.5042668015402,28.570679913601424,26.480842428095503,38.275566096094,0
337.07434860020817,32.47255122277745,26.339768980431483,34.28640076800727,0
295.32305466189996,36.04426771267166,25.58966137841939,42.83357913186073,0
283.55138110528196,35.29106363542528,24.608550041832235,49.654366445328456,0
304.80054677558365,33.03281051862725,26.075951939652978,46.27779849493402,0
315.05348208502636,25.454012705113787,23.094277918827398,49.28645752061507,0
333.5219644770738,37.352414980645534,23.3106454734135,34.91852844788417,0
343.4549768967878,44.861722395411,25.123469352920594,46.57748404161746,0
289.2069406263274,37.32125619061502,25.346395285417493,48.26932252321189,0
260.21856941753884,38.04567759526757,21.348769642870707,38.24601288694657,0
287.59604516630174,37.86222653077551,25.910292761899036,49.31028795273272,0
307.80841519748657,36.985233349412,26.545456755838785,44.44240551747104,0
271.08723221368166,39.65832983434047,24.84542952506741,60.35668350803001,0
271.28547255314874,36.97686840592833,29.748932566567984,34.11381965551632,0
310.31363644649656,33.43661415173362,23.634129787369627,51.84557183837376,0
298.5404294528865,31.02005544995623,24.27782567322626,43.02920951736963,0
300.9839098623476,33.75513172359663,24.209866187745583,36.91424142779978,0
277.2451399589979,36.57064748225333,24.847624777417966,42.36522428217504,0
293.087978573827,33.419585194385135,24.342550374067418,46.38739620668733,0
272.27300567195084,36.57169341565715,22.186378910790257,50.187333347825216,0
326.7059523337436,37.195750668502086,23.90690340752705,53.60982144066088,0
331.05748004171255,39.16589715635091,24.80475860845185,52.109465443521714,0
244.6143641328572,41.413974844194904,27.457144164123996,40.17308989647753,0
272.1146741942277,35.39003709239429,29.404486546745826,50.65082346133058,0
255.10412234729762,28.461117174261695,27.67094779570131,46.95642478560437,0
280.4992819677931,33.27447951590405,23.449241940654787,41.72698489535506,0
297.49686090628916,35.220312837033,23.60838077874767,43.940447032612596,0
256.5106434090441,25.82115621911455,24.681342844981298,41.450786702776384,0
272.3442056062406,625.0289783754839,28.569117777707174,45.18546170968228,1
269.88127883755504,35.71188956255233,24.66915189563621,41.3517105885294,0
306.2180198819683,36.906764172901426,22.34498501892514,39.8600296339128,0
302.0803301110875,41.82763231263133,23.99764572609393,47.39559563891386,0
278.3478733998824,31.849285849288265,26.514112003638836,48.14365274129818,0
305.3046261641819,37.87020965442015,26.379880553792173,44.062014999541944,0
283.59959746238206,34.45067938449032,24.59956666701669,51.83825651967986,0
291.85034669021843,34.0795656649204,26.36682934712006,43.697847067524435,0
350.2035627089561,31.139038060978102,20.453655594906337,43.48612727437231,0
340.21383155371046,43.32801606843264,25.207658470065397,48.302444911728486,0
261.01256289217207,33.12249979962215,26.72137084273726,44.337872075283315,0
324.89197253637525,850.6628247469577,23.33427344969093,45.42398864513072,1
324.34189663474774,25.62496306264032,23.327322927007422,32.397807646904674,0
265.55210133742145,40.899942648448935,21.26710369447305,45.08353692368988,0
324.5633293126458,40.261055779785295,28.179791189621387,35.8640203126437,0
346.1379575523766,35.487170551486514,84.97218564692463,18.070071773271756,1
266.3236558126676,33.865287669310376,25.482086555724223,38.32338730622247,0
272.4749153695721,37.00000002806783,26.207834082966748,39.78708423233087,0
330.52984400530505,46.44395330440145,28.024135898282907,42.255730701838736,0
308.1448593247694,26.183816505482575,24.69220445202873,42.56753692227257,0
1487.4762340200975,38.91013693787064,23.92114041244316,48.32137602128563,1
310.2176764920149,30.441913489230487,25.346135297141107,46.111939070673486,0
311.72087762784435,34.900408018501345,27.568160553084574,35.494627855910075,0
260.2058361506675,33.76059940460669,24.659654937198432,45.41647318773404,0
331.4195311986434,32.85840871101122,23.090261836831846,46.59127623291714,0
335.0876997728332,34.94767435473635,21.918484383369275,43.35716741873521,0
293.11827767795916,913.7551094454946,22.55740523078955,44.69557011546649,1
298.69569150558414,40.14590218063984,26.72878299481333,45.95155062698528,0
254.06677492332832,849.5648717930459,24.358751047386377,48.8229979881779,1
315.42764268053503,37.69882256414171,23.78495818015858,37.125600062686324,0
1889.141725854185,33.36732073732714,23.568065553632117,43.778414806801756,1
298.13426949002064,29.14537553096273,25.170091720400364,52.54168049028864,0
333.7306007961151,36.01191685299347,24.521089812468833,52.08330654148978,0
289.97768307060176,27.21524456646761,24.453735712561496,49.2546846388789,0
316.938177776808,35.19856910859817,27.698647855621477,47.68412341977838,0
269.41006983923654,27.885615460942226,28.076032563723267,53.27317374201044,0
299.29343547377283,37.306360421589154,21.77995665418201,54.58924000803333,0
294.76937226291494,30.378213331848123,25.655185462285914,44.35460005976574,0
306.75923766122827,32.745029914853454,23.446275802757217,40.1528377835584,0
288.91419213499927,36.46974693971581,24.503497772277814,43.648538411877524,0
296.05582212984996,31.13728944078882,25.618556770253388,60.483477568860266,0
324.78141514324517,34.710180001658486,24.574560166138163,37.15321828637403,0
286.8970728828535,27.430847493775733,25.460919761255266,42.647304302352914,0
251.8026869778396,38.154378017980775,26.345940412063836,37.93654423753684,0
352.48751712616263,43.82456902775386,25.58915360108064,45.62381931438693,0
341.4436223607146,48.96104433954981,23.706327391664754,38.986544855525665,0
261.23211914683145,35.455840733332195,23.74160078605935,44.45624488583191,0
320.69123415735584,38.941020703985934,22.12058940676393,35.249524199906205,0
284.9107568834597,26.096871635462556,23.292159404958564,48.088103325423255,0
307.9046164599318,42.51367163152794,28.924136723797055,51.11172628233987,0
308.8267238704048,38.88114252362053,23.415992851809513,43.0802818896827,0
292.9677659905103,32.58033277524383,22.61324237511236,44.32434996462149,0
276.4870300324081,41.185904001445046,25.639855723689546,44.18296384634344,0
279.2837684305122,33.72761961677329,24.77927048141628,45.90455337612513,0
272.51424253556274,32.709874084927215,24.60881352630155,44.80915206516786,0
275.04533375308665,37.376674627137454,27.81809193282418,48.84058476215347,0
297.98465129851934,29.683227500848407,26.098253351116732,51.16519566725473,0
278.5272003266775,40.10812382199974,23.94001413659305,40.929643887539086,0
320.4615619713786,29.720050940365784,24.15104816481644,43.453357536128514,0
344.61738466007785,29.749726050884068,23.99482697218863,49.50809724462373,0
282.5984027588987,30.451551057958326,26.749479243160515,37.891654759704835,0
307.1821350160613,38.79750018758061,24.383704741093727,35.14639359077215,0
314.990553309088,31.91612319240146,21.4136929950917,46.13157976449239,0
314.16006812757826,28.260021078164154,24.90336064253131,47.48173205535246,0
302.2786580374826,31.97160000032101,21.925947997744142,41.388499060232036,0
322.28047255079167,34.83978814659756,29.368461203509803,42.106744729397725,0
314.46746858041973,29.095137581678074,23.06866417230554,41.1990383912955,0
885.7283607305886,29.24159445482828,24.67627046928454,40.66537380327783,1
326.0746819316782,45.556481670497924,25.516405469402276,48.467479103023,0
326.61872511800226,30.697172980930567,24.42268367864154,39.09750756501181,0
277.10141687464255,33.38478815613497,24.419939197067613,43.67238569283326,0
301.1381350634281,33.16381499600357,25.843654572321753,40.47331916242574,0
320.4998697843321,32.89321596114779,28.052431917592557,37.72355512049392,0
293.72058541261913,38.10673369984551,26.535018163634597,49.35089087373385,0
332.18934143298037,39.74071475236025,27.957027757147085,42.400873889132306,0
370.91617483858084,33.47022784234204,22.906761783812996,45.942200402103786,0
276.42041902095053,28.817608567038256,25.634725266510724,37.45962060099495,0
258.56866190538676,41.37220113924452,25.31049210411656,41.29030273121762,0
309.1145578681463,34.523294544016586,25.70218258335347,48.78043940347503,0
321.6468751537843,43.651609074285844,27.752463941271145,57.93635727922655,0
293.07400878465694,23.772070512174185,24.55842170041589,35.11891967804844,0
343.597819899631,35.9770161064166,24.188993266891824,43.994461023552866,0
259.8418260083025,44.59303166938104,26.067961594837328,47.0614029907175,0
320.78755869094834,33.23367932280921,21.443594544868304,41.919499233803585,0
281.8241753772332,33.87253288332682,24.526295901755642,49.24760993497062,0
351.5813371862189,36.477558457951694,24.731604621429096,40.66633664669843,0
359.77546059504357,32.206020905575215,23.15928276738615,45.769238301083206,0
277.00030236649957,33.439640339736336,27.114118022713154,42.3896404775082,0
1149.3047179930763,33.310924529042985,22.87551936531343,51.097155414773866,1
325.78763660939404,31.862896327868135,24.728253903272407,41.61817748482197,0
288.38608050631456,41.1442827510028,25.586314450645936,43.24063101856742,0
298.63766346203283,37.30539016148217,27.706903122952237,49.728445187485775,0
300.76165261627233,36.25314116051651,24.978887130238295,39.85980670453568,0
242.4098053140703,39.04285503445058,26.87230718825642,45.34375028381786,0
299.5848676171729,33.678220833982664,26.401190794554253,35.887328281566994,0
279.3081667780748,31.128980908235498,25.246915112338286,39.56033270685462,0
285.20631532800684,31.986878476927213,22.820973183453088,46.91065637945402,0
343.3089601040644,35.008915205523046,22.130838278191302,40.04651245231884,0
262.3047931716223,29.70394145813549,25.213010802838372,42.277135340881046,0
324.3961556024393,32.49869491706662,23.914606252194773,47.46543201023969,0
291.63111209004575,32.41941679064283,26.838522183362585,42.10406929426535,0
291.60719494512495,45.62278114914507,26.491713036197154,49.11421036608179,0
323.71115688155135,21.130925300330418,24.6307780111259,46.07831393743032,0
310.2015388370667,34.10190139297183,22.684574152117463,47.178415559622515,0
317.11838991658595,43.62846896407385,26.021471099214548,51.20482799369266,0
329.0455398159858,35.60922232066227,22.9641011077297,46.59911531307033,0
290.06074850450034,38.76708736710546,23.48307215413827,52.69423645234672,0
281.6328979647675,35.499131575498836,23.04116852356969,49.556311415189114,0
267.44548420326606,31.663333093917597,24.722997956120093,42.382737850827716,0
275.2376841006313,23.790420327455436,27.340384668141123,51.46574037510636,0
388.47283275926173,36.027278435181515,24.989918259552944,46.31933010451473,0
337.3403874221036,31.121966976988045,24.11356261514461,43.026601456697485,0
259.4677690137594,30.998322969173483,21.948770139909513,46.39192847660441,0
260.3262612976929,32.50506372010444,26.104249169459685,50.561634121951315,0
314.4559818515547,43.72430703311747,23.439190788142746,47.27522547121111,0
316.41794392133903,47.02418771126987,25.235035238316193,54.11196416275699,0
316.46651505952093,36.08603968764201,24.29156276816672,50.432652789494114,0
292.35132619338907,32.676163880441365,26.676354439198875,47.61580016701081,0
296.236372199913,29.11386791274395,24.685527215942894,39.86965958629421,0
309.8363857247807,37.342700807730346,24.882147290953895,44.101337429949396,0
302.5767901887999,43.91452800032572,25.97149429491092,45.358320698754255,0
233.42098881757394,33.76329806487421,29.21388036452637,48.48315750608873,0
293.1060110827442,23.10501979623388,26.77689386071711,48.18666520636096,0
274.4578069721906,38.35024835907762,24.822787787302783,45.84770205109143,0
305.2563425672554,39.92699855725025,25.006395981230575,45.60174957688586,0
389.5577700781023,27.070771798070762,23.950281079351132,48.60228447538035,0
311.0244499642291,35.882420918314764,23.10000859296061,40.70706887185007,0
290.59410941482804,37.25613008068049,23.894498425867354,53.47757909624928,0
327.6540450593176,34.63446348995531,23.455702072576116,34.76416557418264,0
314.4806366162764,31.04614540457323,26.306736767591772,52.27704741086015,0
1096.0564402687858,40.07968611781778,22.857610284262027,44.77407235787419,1
318.20551779647013,32.98310127015659,27.666421122760088,50.01289907135797,0
361.69630694488626,27.57406918650034,26.50409276723766,46.81920217146306,0
266.0733469402225,24.752627571651594,25.041003458735336,46.73017205455401,0
314.20896230434363,41.30424759999655,25.000637222930138,47.77127238013261,0
272.20856610055387,38.08331988235559,23.885437380770895,49.04527144543889,0
316.66537939026745,35.43986773564585,25.540168822695527,43.3558458670638,0
272.43940465541715,32.79862681574598,27.17618492641718,50.17399565263118,0
287.4789955918475,32.355007928984364,23.593687075488372,39.57764688210608,0
291.1473025728628,29.621316757791945,21.933215822162538,44.97334713336938,0
329.2745015803413,32.84272177720057,26.406436509713487,49.179849621361384,0
327.55363331827243,24.39956392439913,25.6487319484876,49.975087898079444,0
262.62847870660846,31.31968173265743,22.75960239711764,47.30394424130701,0
301.64802332999545,33.445312418244534,23.533217258171764,43.03303781022132,0
278.7126043575248,38.04940023595209,23.281791451899718,49.483538891843516,0
262.24485267973995,34.80036768313318,23.550935461931502,41.653168804406235,0
293.4894884872689,38.9746155693778,24.352634491917623,53.757045368744556,0
290.7455163463254,41.74567552556715,24.466905391438505,44.57664551250168,0
372.8014945903657,40.29085046912051,23.69841268986308,37.301871528970196,0
312.9887947608209,37.352549236892784,23.483672361000146,39.02658265991724,0
258.6714749773729,35.05931339590392,24.542431312161238,45.21821818439794,0
283.0567798748717,30.096059957932205,25.33538306971912,45.699126356630266,0
330.641498862882,38.69972025689658,24.36740692727031,54.84828342475548,0
362.6532831860977,43.39873691110765,27.317334046682603,39.80750331192887,0
252.42050063286126,36.710530198252094,26.016175428841574,45.197310996519654,0
243.60226844582866,44.586295742130616,21.81830828628261,39.702892964589715,0
356.12895526115346,27.372141459694582,26.04745553082771,42.53672573393298,0
311.6884253211271,29.22918307610229,26.211087965171167,53.41986015034669,0
273.951218043709,39.27600753874131,24.130530063751618,39.31831888422005,0
316.0388725836731,36.32145105076626,22.009604825393687,47.935212120339166,0
220.92756782949365,41.568910882859036,25.016133518822272,46.96453679507196,0
300.1012651979148,34.9226417963663,24.984582697035513,44.87914286820896,0
309.83463518529254,30.66012288735834,22.75670752693361,47.597183115958686,0
327.7281041861349,33.932033788974785,22.097561567480128,39.199898090283554,0
269.58312143122384,27.33658014538133,24.824892907093123,53.281612539017786,0
302.5706148421008,29.357046634514827,24.533845615898354,54.6242274756176,0
272.2372612182124,39.86221998959005,24.165469269355214,45.23552348879657,0
307.6615126702295,39.36393707234805,24.833178530506878,57.11553065306777,0
273.1396103291093,36.815021424030384,22.79444725235936,43.004860342250396,0
287.75697482519337,26.39461239519765,24.130358774267773,47.0021599692814,0
270.12553815629315,33.20798212243556,26.066650061228696,52.159445318872564,0
319.53408725470973,28.875000556699746,24.300059839297422,42.70497769888545,0
325.7535334997,40.88266626893883,21.656055056414896,38.092254705602805,0
292.9613829012776,32.081389332186994,24.054615444552855,36.94141467190573,0
301.14713984880086,29.571261446092254,22.85968307298628,55.30413281951329,0
256.5422575609937,35.148980825607126,25.53427259292346,42.35487674680611,0
291.0097005597964,31.79922771582694,25.63767480676085,44.07131618290751,0
298.49386148874765,42.41871955101853,21.68245074982794,39.43617960839473,0
378.62379273089925,31.325945512329046,26.518025941164378,49.74169639664594,0
266.6409892267751,28.003858703876844,22.775627397442882,41.092200703877076,0
343.92531716257315,24.235432421212423,28.118364580964702,42.54368486169339,0
329.90576320397423,34.84606748793293,24.902447470998766,46.4976020970808,0
308.4190921347041,32.19034943071037,22.507213002921674,39.679770363772136,0
352.758614525854,27.855476967441366,22.716027858614638,44.10708865242887,0
311.1631641782059,40.946132306278926,25.69619058357469,52.011047947516346,0
311.6747758700379,38.33622573714621,24.217400220203245,47.14127198758432,0
298.4063804094736,34.85891060531385,24.80669218076372,45.652711462141795,0
336.70706647255884,41.821631220854336,28.22556046539408,46.074323547319324,0
332.8940770143265,38.31268016699306,23.60151187154185,43.054324520117184,0
281.2296813751136,30.885720492407838,25.119925715391414,54.98076159877463,0
260.42258416203697,29.80389918004617,27.839688974746107,40.93921434732966,0
293.9105808781303,39.08990772226931,25.5410269509328,46.05463080981965,0
275.9988430680706,36.981834782336755,21.786794529283988,45.575127831714035,0
298.09426276153937,35.84873883985331,26.010778023464272,50.04381253566567,0
337.12314404052415,30.767510985655463,22.67399428443311,50.5158696939682,0
286.2809503473963,38.03973783502877,27.81361505746593,44.83990597756465,0
298.71529856065274,31.222505584330253,23.354264790004045,46.453332465565246,0
301.74068204425186,34.49006672703161,30.93901901549133,46.64267376956974,0
325.45292646615854,42.2347207319349,27.934751976655356,33.639291722146965,0
232.59331998046184,31.69582882094927,23.406774860744044,37.05505198761112,0
281.7989911570411,27.135053714635696,25.04002761000322,41.974681546390144,0
306.3385107683842,29.73726404064945,26.507288563266926,42.192006618115656,0
336.0023686928058,39.971494133438114,26.567320948453414,39.00358789017934,0
285.24292657481385,36.273655686901044,25.884672519952396,48.74791285686815,0
243.70341881874378,34.355613106556234,27.504318073932218,45.01059210508736,0
318.5913433789841,32.454530973442154,24.75406210673126,43.926527263065815,0
280.93912833523115,37.42679953776595,24.266564662847934,38.719223627463066,0
264.31000022728915,30.754475745048882,24.30627202415078,44.77727567877606,0
281.2696383086033,36.52832784321298,26.716746463944254,31.86657622000694,0
294.4642392703245,31.343727155935216,25.730362080605293,44.1852184459708,0
281.85766006385364,30.51170307362473,25.582567331380513,45.31591834403878,0
233.83301828702793,31.81256282587494,26.590468498514365,46.20957492160749,0
326.91198590661395,33.12296276758019,20.897895184292288,37.1794911826036,0
338.24625123836165,34.75585082033148,25.6201376477503,46.12408368345737,0
319.54565974018516,36.17727897555557,25.43713777774743,39.792843650677284,0
265.8694298872555,16.55817354285778,28.33761616260141,40.93765083853833,0
293.95525398157446,30.961747211266175,21.94282403547267,48.589656929113325,0
299.8043605431163,33.042150113219805,28.114373264753517,55.070568616798724,0
317.9638316868573,42.52531019304165,25.15081825784933,45.2567937940134,0
320.05021466154244,29.59998695808934,25.97797906132009,40.91452270679884,0
277.9747860366451,35.81398309049956,28.351837575218752,45.943352237549995,0
302.4598666924068,42.475151548679186,26.121522536011145,49.69514578749573,0
313.7184121384572,28.435157350263637,25.80073657892512,48.10498782936368,0
343.674669664403,36.96987612932201,25.48458237160464,58.71556436231873,0
321.1351961947417,30.988640830327398,24.033043730011247,41.42331215452667,0
323.6717006212656,32.476831288553825,24.943021750979213,46.26115739959649,0
302.51479883788085,30.984445830233426,23.568974467754504,52.74458976709102,0
342.3137743561051,31.34071345792057,24.910866201149037,52.43079618509266,0
312.29288387878495,48.60956073953246,20.328138605889805,35.2496103673781,0
274.16736269479287,39.22227936035833,25.858079135135096,44.9832118998001,0
342.1010991037557,40.50868930893105,24.75652549243275,52.4226038292435,0
320.9370981761708,37.45996743418248,24.32759252666647,59.45321495199569,0
286.70867936614553,26.96871605799021,25.439516167880285,48.51897941875409,0
285.6152109780227,36.974789851616535,22.13287215406912,43.160683531517584,0
308.89726635422284,40.36464807253673,28.858539993242566,39.95398423781305,0
313.8955438580275,30.733002629804442,24.7944650770248,56.093716787654245,0
305.9187679689362,39.82663333580563,24.70831113405562,48.643707932328795,0
309.3392602032865,38.52168104927039,79.8418355997971,18.690746256871105,1
350.9987212372914,44.26020022406835,25.047892764898524,43.98421816833109,0
332.1462945670466,32.91108493743191,27.77391978054656,46.550932584143524,0
305.71906773795075,29.511945088621367,27.07183241886407,47.71903326944059,0
328.2393174230245,33.19185945313727,26.708875502281114,40.50190671227105,0
269.02428289417384,42.17785496581811,26.092797903334542,41.929047909372535,0
311.93781149840424,25.857970595790185,24.28291494487478,36.7353271881352,0
354.2791904919933,24.65812142284484,22.099673665926595,50.19881144802391,0
293.4586231382288,35.446976394658066,24.59792245626673,43.29190766614842,0
274.57098214142746,32.78705353612922,24.528257070932646,47.33160824591646,0
280.4373333422082,35.038639465878425,27.09758887934248,52.111292542881635,0
267.3110088797284,39.726558856179324,25.61878088491964,46.099350711869725,0
276.4571427561689,32.23715326940574,28.224623055807097,44.43514762025466,0
288.88475704229916,25.634970845346896,27.394977080076348,45.969607384419675,0
257.83298942464074,45.22240778599972,24.08700878099181,45.31596801925114,0
300.4685500184881,30.01385856280612,21.409741606760264,51.230824989389724,0
327.0683152135994,29.70481438993951,27.77115046788296,46.55419198769395,0
272.7673145955924,40.51860006861298,27.718770446461487,42.27799490210543,0
345.57851770925305,33.07755439479241,22.267576818195547,50.23924528444875,0
315.32376265582786,34.683050739825944,28.018480039655003,51.15242178179176,0
330.9174175687217,37.41395062030159,25.764234341185034,38.30834686589768,0
280.2649633844359,40.41791551554998,25.321370996251307,52.663919423840525,0
325.6357568119985,33.33269653409114,28.229566508494656,46.823558866042426,0
267.2419829881406,42.5997600295715,27.68937034646123,46.41634975073299,0
326.7074250250953,24.321000756325972,26.30266190399041,50.03312315798257,0
305.15518019380596,38.79893618476539,25.946434131623967,42.165118044978605,0
316.5975365995435,30.802362209911713,26.232788581060717,49.77082257095462,0
264.7321618312545,41.86135658303996,66.53988973001876,11.588164264726181,1
273.1479047317019,35.71022239415272,24.889797100535358,37.62524660144831,0
317.91684654760155,31.63547333995299,23.195365690810913,40.01121860446533,0
271.549559873274,38.31420546510816,24.33392044852216,47.83510916451613,0
313.8961887629737,39.46594173603626,24.266732242662133,40.272658300026706,0
258.98586580619263,38.20947061429319,23.72938926075667,53.05038061594825,0
325.44522638000007,29.851518801834697,25.273493005296928,50.946417267198214,0
263.02430055694475,32.57991438188957,24.352038298598846,51.66719583016483,0
316.5689981303857,34.97963581439282,26.004469440703947,45.62389289838706,0
318.76892800938003,34.793701736749696,21.755358773412468,46.2893080864748,0
279.09684544711274,38.74872737719174,76.7157209892698,12.01942311104477,1
317.46079701254183,24.92549383746696,25.26310328035499,49.97891755078745,0
307.8132679000067,36.67163527276752,24.37874152032624,46.89916727518543,0
283.83474431421786,33.5500932278168,97.10550259011032,11.41167231497002,1
269.74335947771374,30.807496918080236,21.829507978540285,53.441559057264406,0
241.12122924982262,31.287566111152,25.712954209338985,41.97018508026245,0
310.4895014189908,33.92731167741018,26.29521196513414,44.36929225061341,0
253.05591685913834,16.994574477702407,25.987074588407534,46.63335460771084,0
302.86032598323925,31.49355214604225,27.077454118884365,40.32282297270647,0
292.0965535175325,30.620925876768535,25.403059211565004,44.062005893615805,0
320.37428326314586,37.663916046613124,25.957362361301875,47.464749052334845,0
290.9386350153041,30.972366587447397,25.312181476913704,43.372893643135846,0
290.1165664095873,33.92443099914755,26.375101439184988,51.54494704864556,0
321.9561211286489,42.71138313830651,21.845540727735756,37.44537719091503,0
310.0517408725235,39.971757599077115,23.21283806404398,50.61385620116671,0
309.48467871548337,39.511356999717265,28.173799314066184,48.30592737408002,0
314.0780276942558,32.50063784794574,20.07912835580759,42.155857062217045,0
253.93283630378681,37.71516139644826,24.719644140349313,40.37795715885001,0
322.7036603996095,33.83051099773203,27.344549919216135,34.59858691378774,0
318.3740638204081,34.01953394661531,24.81347866891647,41.02412493793083,0
269.49950614270506,37.04842671873275,24.189977857098604,50.235883275014984,0
292.67758578977396,32.01503205789534,25.2588433536306,44.71957136860663,0
298.82078137117105,42.46501552221602,24.293759639995105,50.81490440195921,0
295.965096467948,34.19934930201031,25.06169898551388,41.90064464687724,0
310.01579899705604,38.091802831298324,23.63323792695974,48.53553080053281,0
342.9410034549355,42.27800239628649,27.21734883991145,41.41250698957789,0
332.45300183018486,40.15826887287587,27.84652984213132,40.172124968950804,0
260.6334241970578,27.955404486547376,24.733219355776754,44.46436391414662,0
318.66209970918146,37.22447947504942,22.227021158617514,41.67516744340002,0
339.8679995860623,39.253596972303235,23.95231365937321,37.28588925481394,0
311.6042556206761,39.45931511080374,24.632022679794073,44.08842649641503,0
332.729412755579,29.433525829426845,26.011077753806415,45.532177082156444,0
360.36811337102296,31.71482381491338,22.983973553658643,51.34179305748034,0
330.7112863832094,39.97279117870811,23.4616753627157,49.6840283856653,0
307.47925786925185,803.0438896481759,26.021352275717614,51.09971599616416,1
331.3526542225426,33.50151971667843,26.877817664079117,48.60178749196754,0
304.34663499290673,42.87937904750984,23.75681190965863,46.663063794749874,0
300.71709129854867,34.76100374807605,22.333565892098008,38.85527546764054,0
289.45757292858804,31.366129310830786,31.568236402575767,45.749360989676376,0
346.90240076496326,30.611913215685476,26.56660847417743,47.983968886654075,0
275.44714002174,984.4019176010945,24.465992476465935,52.28718974685218,1
345.9710317403435,28.33425995761396,26.73806255106168,48.43144270865907,0
314.99592371221115,33.76332018051791,24.751086740571157,51.201917173027105,0
258.0208147559418,36.66615267495011,26.734313778200374,39.840010543173804,0
311.02947878974265,41.49574910273834,25.318786395552443,43.36791186925952,0
236.99920477045129,38.33774040184998,25.182543796335146,47.14675356830635,0
318.76524050493106,31.429674410089106,24.772836263538423,50.80476345371281,0
326.5569444896697,519.0123094638851,22.10523733307382,44.2738567708054,1
282.2293213304384,33.50242481226261,28.876189798786278,44.587770204254234,0
303.70643087866745,28.821484889752956,23.116932159464515,48.435701530014896,0
358.6247230125086,34.13979320367264,90.80327266160825,17.645303503806467,1
284.8275988721419,42.19084600572851,24.574280234487265,53.03702274911714,0
268.232772388302,35.826200250324625,23.077056372978987,40.604319534461574,0
344.449902073878,35.062609321648935,24.896574418879457,35.40705288220349,0
358.87761571592387,43.186058223514266,26.375527697123538,45.0503350426129,0
300.1108701554354,27.843225764727862,26.990605801058447,53.492293511877826,0
330.3438910622507,28.57200442973614,26.629461443243365,47.932265651668054,0
340.2442774659264,26.92076764516584,24.388735890428638,48.755452715018166,0
277.72547302384845,36.863240932400274,25.09918365532317,45.20692881153557,0
285.44082493896394,35.83246563557562,25.81575810179498,44.23811251364411,0
336.92623539464205,42.71368183639888,21.484425152115854,37.27545315203442,0
350.5504283612553,36.21737538568385,26.14116940023972,33.70306871047907,0
316.88642580523066,32.97921420260349,92.10313634727528,15.836281116374423,1
273.60556939493836,35.00897436439053,29.080693197812977,51.56274597170113,0
359.61183335098326,35.58853709230479,24.19096983071661,46.72066852414033,0
284.0708730656411,26.641193633359165,24.630249645610817,48.11799763526007,0
289.94586656485643,48.551658221674465,23.46058580152429,52.9185877281977,0
310.2701350346886,37.599355090509555,23.74005993628862,46.64383425720529,0
346.6248126214432,36.05004154011294,29.54818713828648,44.3867244984619,0
325.61927929656673,38.0758199213929,26.880739377246595,40.90737597174967,0
312.4459650108573,38.54705490293303,21.901595109704324,55.11106281486043,0
313.8986559035432,34.29723257248784,28.00842580137046,47.632738895768405,0
301.305440059304,31.843794318796498,27.386484550282862,40.281991420403344,0
316.7441854355552,37.99725343160852,24.437575075423425,39.14416166099382,0
224.11319766917092,36.92855420265726,25.613393884059676,51.265318634644565,0
291.10177622790604,30.95054950455296,24.970111841157852,39.812791517958374,0
307.23965804750344,42.09517805683632,28.945159808893866,54.26917078751111,0
265.4695774914148,36.466760181614916,23.40741962201582,31.217686014546445,0
311.5896995343468,38.649096811338154,25.292021219551454,52.112975988949884,0
293.8658633704164,41.959604438399595,24.143709338014393,47.43447405580982,0
352.6642709494647,35.109444105824174,22.133919190764292,45.59297211528437,0
347.1905917564457,36.58476003492058,29.383276510109972,44.122707824791185,0
286.0258329264551,39.05013619253058,22.636866841795175,54.45364924297015,0
295.47486865299913,31.37569458099974,25.440258374975553,48.535294292006014,0
297.7815730317482,35.270258314230006,21.51859878723933,40.483981955522744,0
286.4502157152113,35.627742933255746,24.201858921513814,36.405450219855595,0
305.8507495208438,30.219707241583027,25.843937642866916,45.88648606573654,0
277.2515379333723,46.58818394336939,23.350532040995276,44.99464433231293,0
266.0815399518742,27.96353278253799,26.17360370147131,37.40065981312245,0
318.68133671700804,28.50948048156421,24.461917816223835,44.72303237258832,0
318.8858875266543,41.57113287851789,27.320165024797227,42.130326834628995,0
275.87052721020024,38.56633125398271,27.723521826680447,45.04645034153347,0
326.86066292287796,29.87017591259611,23.826510478539976,48.62961805824201,0
281.05266812504004,38.03644507550847,25.153465718785913,52.463049737320176,0
307.59495714113945,42.33925222498655,25.366908452944465,49.544445181846434,0
324.6103203783737,34.84868471201507,26.238698590869397,41.392796250848974,0
298.9916230588886,47.99411450037291,25.028763992488532,46.84457564414597,0
1230.0146104074304,26.379690945659824,25.380421918685684,45.31553560746012,1
284.50711068337284,38.46911726929551,24.513187050409762,38.3393552268455,0
294.1060024971571,40.83264168110502,25.230479733944037,46.991163923461365,0
293.8242170735898,39.45671950802623,27.595880387070267,54.28336168958857,0
277.6026496037928,33.978221366771756,26.29216648242371,45.16213302093502,0
294.69677510652656,33.54779258994425,26.402511278886738,37.029086601372995,0
253.5414510340876,37.220725855436285,89.41360465731941,23.695962351654053,1
285.26538758573685,39.07877243326035,24.69238244423793,38.93143900513375,0
291.4537351989099,38.01236718141182,25.63765408715906,49.31802753443144,0
292.3146074251386,40.200289453966946,22.82965264332851,47.62432495862564,0
292.7550766238766,29.905650214666323,27.537615312633914,44.14544973262628,0
298.14707400419616,33.861145104381826,19.43407913531356,43.34417867072089,0
314.3832455425819,30.299920339381227,24.82570321532915,43.938828491922266,0
326.23551222397566,33.06943611956929,27.281791954300548,45.041372471711604,0
280.507043194552,40.07610445907153,22.272264132741316,41.13882489329229,0
263.90397433832567,35.539919603626146,25.7995598352337,38.06123459499282,0
268.7386676327069,48.03429581574885,23.638467106841947,50.69349473347324,0
285.3839123641522,35.96703183594858,24.262393469622264,43.07299511751521,0
289.44236046550475,35.29845940289868,26.891881921278877,45.83521552084572,0
276.90011801407627,35.53091459720108,25.396113851770302,46.42640975583747,0
261.1165000725032,31.81095653570032,20.931288264231274,46.61010239827607,0
286.31637517577434,34.71081693811203,23.047148920536802,39.130910014507876,0
305.44279860341913,40.63894013555823,26.950671469777518,36.62079917724076,0
317.85088397506695,35.569853340638865,25.897885436385994,42.05653737654004,0
283.27730840675036,31.03270135058264,28.496271145048567,46.97855766208477,0
287.61006533569696,30.374576897606826,28.365295188026593,41.36025066262844,0
272.1990507345807,32.748990541670786,24.315509739706417,43.22539323150383,0
299.0568248887567,35.3693171720544,30.006475610138978,55.63648706874784,0
274.5471409742756,40.96793267738131,25.04895933970382,35.772880575977325,0
317.193834397236,28.297556793167818,23.074662931181948,41.224830020447506,0
246.42400524197666,33.400868610556216,23.732720268178845,54.483020342869644,0
289.21110982642614,35.721550097175395,20.48654978942116,44.777006640023885,0
309.03322017575226,25.831471161852825,28.214038016498563,41.47007417250545,0
305.51503548967514,30.83200858516797,28.189523978087728,50.8438445850556,0
380.7910099194149,31.600557301319068,22.968985122373358,45.27615218240555,0
310.4940007370372,31.020148130747508,24.544231423236187,43.25845802477997,0
269.8783620947397,35.959447725108234,25.191215088225157,45.96184463518755,0
297.1360725873278,34.197201952491014,23.07929389571577,41.70945595308617,0
1274.0528728352006,32.22356948699482,21.48979593745768,39.91254468555961,1
297.5820075210972,37.13981313276317,24.579284792446177,44.43201536182626,0
275.00831828997724,43.61537358823125,24.357841141081508,39.94501519961997,0
327.46170826680486,43.19628258370876,24.22317751802245,45.0534665589824,0
283.51379176213396,25.38614113968832,25.44543212520193,46.7720328373717,0
296.4970225261426,37.885360919175696,27.859039317051984,49.265302280258055,0
280.9332647578679,34.10988354968081,24.393814560616548,50.63962492758414,0
352.16554055559993,35.77577671432678,25.340885997442726,42.97131749183874,0
290.3627170164626,33.008584832287255,26.45374104748987,47.497073039695344,0
354.97671130437607,35.58794314943601,26.108285853025496,47.462617231031786,0
324.424552863548,35.75703698036009,23.771152951104316,46.63909357907992,0
314.4620018200616,32.10524121325538,25.192754246228073,42.60270294524771,0
311.0619944195256,30.518162260874096,26.095079640338106,39.85966093767944,0
311.81391894648755,32.75652158690258,22.743297324978446,47.5100094453328,0
242.1698226196317,36.17129632228383,27.527078021593017,36.46568718903475,0
291.6334981754773,37.99498170842132,27.863177810428223,43.66080283715844,0
325.35473913552966,39.266744886700735,23.55443948911101,32.23184492175701,0
298.53308449577685,32.52904988466543,25.387340036696337,38.31798788320868,0
257.84430459589277,36.41922283651368,26.284556513342064,40.61433030776288,0
298.42786648267594,39.812512959766494,23.908771687342494,50.483621038146424,0
351.1231654876647,40.82797447572064,25.96322769137619,48.440540122021346,0
337.40675146604156,34.70583572934239,25.326511252584332,42.23032658078879,0
298.13987971901906,33.89534137530194,22.0641636447224,48.64684897564875,0
328.5434783117426,35.95562116918196,25.918322631957118,49.43811481690199,0
289.00478938895844,29.251462635512972,22.79971516745793,44.19667575812639,0
248.88385239519843,34.03195244482246,26.878405703324095,38.07810927893155,0
272.26602035611336,38.72293199236565,23.657577849732224,43.96043844966943,0
346.88666305524595,38.20973564721851,73.26496003054548,20.2746182902784,1
291.7802075451209,33.648661978180556,27.74455782689315,38.83772804584887,0
292.69848061874944,36.08859100543583,25.992763293057692,46.83523396464984,0
291.00485411175356,30.876748298546563,22.84105216085091,46.399059271511774,0
357.1240976871902,38.51746074112513,22.970166858401832,47.22521349947093,0
348.7787674608619,34.610892819317634,23.801394422752548,46.394615485837214,0
366.563407003444,33.62024274151931,25.789288166713334,48.649215175574916,0
295.22864368799844,33.191380819533066,25.716599629865538,44.10335986063484,0
308.86873466241286,34.68553066550071,23.31379539067426,46.00892553685477,0
254.50072351737626,32.76061177534021,22.665581028771282,43.01129857877234,0
344.30803278354824,38.29071518001282,25.56316681017167,42.07750392189025,0
264.96661346196197,33.023582259919095,24.636279868419678,51.69124815381038,0
306.50326691287887,42.96482048013691,29.314431774895475,34.781156492367515,0
267.08092417101466,42.32605251740691,25.073207313126158,49.38379994577132,0
282.3339951978391,30.542282550727478,28.62850565540055,41.89729562277169,0
274.88212706850896,35.3485213471464,22.65923280379132,41.249809111784394,0
281.76374217972545,31.746716893319025,21.853574120876587,46.307887420327035,0
283.8263189055306,33.366762184056945,22.75982973494893,37.55195193824498,0
283.55193615224766,45.01213733822399,27.378259562906933,40.91988464026898,0
1889.5070449003051,33.462142914421,28.51220317938707,40.75430176743504,1
266.8541162081244,36.801130185387144,23.43564109209473,43.89300870907453,0
306.616242810416,37.70660647004139,24.078867940480883,40.97931155919656,0
336.5387745691668,29.9968531375838,22.662038179575,53.00559342819634,0
284.6041090645981,30.724522627953977,21.376720305763225,53.98508258248977,0
278.46243327757196,28.969888142959405,26.436823395553258,34.89003238625968,0
293.0842612445925,30.570146330511115,25.446040605924328,47.72161352382868,0
335.3917562508213,20.74984945341409,25.020975965347752,49.29331719538787,0
305.8232289286007,37.72291200396814,22.19988692567324,47.71492601195553,0
284.0635711617721,45.27096920628035,28.27991336365732,41.70943253454153,0
1409.452659026747,35.739103695182635,23.993286523901055,43.77952218920729,1
266.9312355049073,27.918655703296963,26.06725284963295,41.25862672611152,0
320.4407853132884,31.78611808550026,22.09087718951055,42.89867984420586,0
312.25821923105303,32.705615774875014,24.618949620759924,38.95017485666412,0
290.7657458658335,29.91207611393312,25.582748912477168,44.42605589182725,0
274.84242604658306,39.30091319197578,25.654150436106615,37.48599144347465,0
273.3995723314963,39.05130022187667,25.30929708647325,43.999327228859315,0
316.0445200903773,29.2227410309117,25.989044984097546,38.75709155450118,0
336.86941507467185,38.62540522223754,22.738959087934077,46.03408180895702,0
280.88076758913616,42.63406331788632,25.39474521087932,41.602902195285544,0
313.7516011065445,44.5127910261478,25.227515366960557,46.452901739372685,0
237.38918944193793,49.32606011542981,25.463345368390122,50.40790364182391,0
282.461468080284,30.49003675278401,25.144690434638363,52.94723468052354,0
299.06823201387294,49.121102131976016,22.453574452173203,32.35997705489755,0
272.709497490545,33.22896805745606,22.364400495782053,40.82902953063109,0
271.90480875631215,32.03767272309743,20.571463628230898,43.48456961443993,0
279.96661330593344,36.635361874389226,26.635069019690594,47.30163909190742,0
308.7657818497912,32.08969332953494,26.655315019470397,36.74822747922735,0
294.38012944780877,36.99522070323263,26.68710058244424,40.08953796599892,0
232.85306300025084,28.399614061313493,25.613579924922902,45.65178601328555,0
236.378995420948,33.80623698968283,20.73376156456378,45.424441207633336,0
281.79404466428474,41.4279111718084,22.946579016429467,46.88809203210047,0
313.73059758160656,34.71469354284422,25.340830835186225,47.21837863444058,0
217.57485471824296,35.707978933699415,25.27103600558359,46.69297216557931,0
285.0080947154511,37.376293023586555,24.554503573695957,45.96827658315746,0
284.2125643044774,40.853308146588304,25.737834405816493,45.27869886663184,0
341.6501333462534,26.723876439052834,25.023303415370492,48.323815448621815,0
288.4493456486141,37.92262025918718,25.241540931102723,33.80338666717888,0
311.48966954222783,33.65930430379118,23.721869334335967,52.72166743485617,0
304.2377142026239,35.83318947655919,26.96402197224318,33.97758974559838,0
236.083005605784,40.29975084881188,24.13845678263923,39.60419091547754,0
323.0462164989521,29.029066742940778,22.338701833958748,43.86619601674928,0
306.46189516368867,29.936777792784554,23.458001974362542,48.36306445544921,0
315.2480591902377,25.322850201430967,24.30306761727604,30.02366554600192,0
417.7871311930898,32.254205291181115,26.98800557673769,44.85937838029083,0
237.47661181504236,41.65216172189408,24.915464003130413,48.96197519707867,0
351.74089949283325,34.397064057632655,24.627703562068703,49.97259058014239,0
291.37657441798933,28.29937552172607,91.66079336907531,17.744314119984153,1
308.6198671320903,32.571606277124765,26.570965179659154,43.49582356522484,0
298.6346326409627,27.560691482546886,23.69609569195323,41.91925935553686,0
287.2729099980587,29.37406949134419,24.799944282117327,43.03662673236958,0
282.90501215283723,36.944094551318564,27.96036615376373,39.840867246357824,0
309.8852620671903,29.130633368469855,62.93578010941694,11.863575949548993,1
254.48478909984962,40.56317152601651,21.74349190456965,47.17188461014184,0
322.51737502565294,34.64439854584832,21.460979527295056,45.65807686636371,0
287.51416785344236,35.42797351972263,24.87137909976151,47.45793253795237,0
266.09791982878926,33.60813516196053,22.57451877025039,46.070071948504186,0
286.4996142601256,38.864239192718614,26.297093495265997,48.52169300573798,0
337.7144765058772,38.91579943888505,25.08452612992996,49.39106999077497,0
283.9399473895133,36.67527175956086,25.330769538047726,36.29141690066948,0
310.7536085462886,37.82394552953824,23.586513636715296,40.72845174792819,0
278.0713117285358,33.939551650397874,28.48276731057341,43.843120212549806,0
322.7376554977086,37.71101503454524,30.68518745602092,44.88661237256329,0
320.5652321637061,33.31061112263097,24.44283055248657,41.64954713090983,0
355.45826499889233,35.01115811081201,25.706078496830003,49.56011835494153,0
294.73308163502355,33.62678125316851,25.194834686128626,54.89974184145299,0
320.05964414273717,32.71390730340402,24.480626273117863,45.93080977790867,0
302.94202618616833,31.55444101139105,23.335859064534407,45.42170516099105,0
338.8761534558904,37.338450519294426,22.830064025039047,49.24728127552166,0
278.4350283717381,41.553029564067316,22.728805468948952,35.67080122398282,0
322.3501593863184,40.855509858347794,25.810480051098292,45.142344702192055,0
294.1590811164995,28.717173320272824,23.96065104359273,49.895179127337585,0
298.07435468674504,41.44601525703437,19.84341429971894,41.78423001399444,0
302.7525745334512,33.40920749191036,25.889716441196644,38.86719710049017,0
307.56721189280034,38.00366507572796,24.92347743507169,44.07097194950111,0
1431.8619954770754,30.468923339763943,27.693346002802294,44.696572833990395,1
306.4413954951158,35.70989956937002,25.74624479418202,40.45673859042271,0
347.3435417268655,36.56861591448453,22.042652807379405,55.480806380254755,0
329.56349056845653,27.576976040401735,20.54064671854004,42.60651809496027,0
326.0746377749069,38.04133583172095,23.561055231324126,39.231703242867155,0
286.33381421928385,41.72967503919158,23.749785158612696,44.531893404646944,0
273.32277515315025,34.12676027159186,26.886318402000335,49.53930318852245,0
328.65901674713257,41.80084065414006,24.982258135420853,45.08707124499116,0
326.2814037758938,34.051532532737966,27.26737699619702,47.42796960022001,0
344.18012027252945,39.24792265523308,22.350333888594733,40.64244702833421,0
281.8805812209231,23.907150170244503,26.930528768760897,52.438442232017564,0
293.11354033918957,47.093888896567314,26.441978306861838,47.808555139592215,0
250.81547512423697,577.7185204070237,20.963531777137607,50.238507844388046,1
288.2258668181738,33.57687247873161,27.645235682521545,46.82580316237585,0
329.8971153173834,25.13955486678091,81.19107153759099,13.595507955020125,1
286.00513862315404,36.44014184152745,25.784089007737013,40.634737201613866,0
319.2143938560247,27.780372264631215,23.270207775143156,42.54294791655219,0
294.28490682006566,37.22426768778744,66.01098718332094,21.765069674057596,1
309.72171084664683,37.05782859582141,22.62829534152226,52.798709736419816,0
265.56925830552996,30.292984154989878,26.66418403674789,39.26467200140461,0
302.556283489017,40.60483511807189,26.641214951817343,46.24868033931906,0
210.2659208729783,39.027873514030865,23.051665143655555,42.845280997573866,0
294.39311525514046,39.87911668644281,28.966747198845148,41.51484265317569,0
251.08580268854578,35.04428851834448,25.46305696043504,46.42419847677725,0
336.1798354964045,27.922379665431468,26.307785220542048,50.704814661827044,0
323.32222058293536,39.88936136105569,21.945758409328487,47.25831236642097,0
314.0001294589824,33.64814300432104,29.235460006017128,43.40243775040482,0
345.6301868147814,28.051099284036656,22.55088611954982,47.5743058996758,0
271.53250437525486,41.76019682987163,27.04977286553186,43.200119132095494,0
352.42089593746675,45.49703760251255,23.01045656413661,47.06057150365301,0
327.96574692781155,34.79375935510399,23.762022394304633,51.98232850227867,0
292.9033413834316,45.79560577301646,26.577508087770894,34.61420170349586,0
334.0686044154883,35.45657364305675,27.055105427350313,48.986261492700166,0
266.811194627651,33.097720479168245,22.457431501771797,37.30472539214766,0
275.2645751541698,31.847707729072614,27.18094433811399,51.141638552722306,0
281.74230830280896,43.185412039963715,27.089960990266388,41.8148719506357,0
284.13066875807954,31.099280593061142,23.124093182310215,38.91164311196758,0
268.3032707171924,38.676346549874935,28.19729518718222,48.476346135443734,0
336.69249201285976,32.20418082470396,22.086284743503924,46.82085031571205,0
292.23436798890503,32.69846618712818,23.75045483444477,40.00406548519171,0
310.5751490507064,40.151248469847836,97.46496434534677,24.473109185192595,1
282.8894590075896,33.099815768553235,23.292867430594786,44.062592562543585,0
245.38190098354448,32.97602310289854,25.52763817135868,38.97956524914402,0
308.1017207517427,40.66402348587403,25.482152157606592,39.69263513538186,0
242.63235073740668,42.986986466108114,24.625851460154557,45.57810395210717,0
297.9409786174359,38.22344901642116,26.66480107718112,40.17064182872452,0
258.9505488350157,31.726151121880253,24.54327841468472,47.13269645013271,0
359.6182799769242,32.4469575035121,25.463082137627612,52.450717979417384,0
327.3408816652416,35.399576318700184,27.292943754975806,44.25722292549709,0
303.17261373814443,36.60465030962829,26.581372420051682,45.65075530992792,0
337.91120032964005,30.060670449301142,26.57203458162842,55.090483664177434,0
274.61052067602793,38.61518969789932,22.70164079556644,39.06199441311327,0
316.3043813601028,35.427566648197995,26.049585151002642,50.95617597590371,0
305.9943130115614,26.42145840680935,23.24300241806099,50.35428798956241,0
307.9206024400101,397.2313583015533,22.43717004044395,49.27158669586892,1
338.17060500320304,32.47935663174168,24.856587307430065,51.458739253663154,0
321.97476308339407,34.63571155579473,23.19140962669682,46.40287482979309,0
308.6617098847507,44.44639397751998,26.581235437679954,42.08535252200366,0
250.35337691315112,36.19085653069814,26.62907091939065,50.472866456102835,0
271.1986111416161,30.796140550506873,21.194747527137118,50.664211058564476,0
296.3187319921283,36.103154021535815,23.34339492084622,50.52656950746644,0
302.80117122829955,33.2395612627306,22.080426656164,45.22251041159618,0
266.09388825978226,36.62379119766771,24.07474144681422,41.419027431933365,0
372.3503002673526,37.902838435178076,25.910351339737648,45.956811270558056,0
345.4918216576072,41.04615323611969,24.515423803643223,49.71115008783918,0
318.06354961177453,34.87856752164987,23.82048151866573,50.121758949299824,0
302.16110583851236,43.19480263799917,27.60035305362628,42.85161936462703,0
293.63373090296545,39.54011331268096,20.39028565480742,46.57686448063695,0
271.44244619933295,31.46280227593906,27.47374378703645,38.45610847757022,0
302.32441555556585,46.04927832874232,23.91142341368903,49.92475051502925,0
1692.8339425829863,36.63497256635049,24.84378197977442,41.08345621637468,1
262.7471827355513,30.82437748013882,23.945273324559782,48.92627679785774,0
310.02529251734694,43.26456525615211,28.085776211078237,39.25347711304919,0
295.34222853525756,471.40687018756876,22.53804300638948,50.15707953217004,1
242.76577326367828,34.8348736814022,25.02347273944387,46.60917595011385,0
274.18844967661494,924.694004744869,26.054877303719994,41.093211521915265,1
287.59183399735065,34.13812521273169,21.777994464229664,48.45678190540263,0
356.6306297202057,38.5736586375885,23.160203659107694,42.04819154097335,0
316.69659373601274,41.38928327515257,24.703642933003543,48.74777518722564,0
259.9355529270033,37.85243665431787,23.22666993063125,43.629442623096395,0
314.5810886825291,35.50861604235885,23.3688164575617,36.394764371851686,0
253.58088033184904,42.490058851522136,24.300274673847124,40.087918797595314,0
332.4807316166122,33.43581763474239,26.299162663292346,42.84792645656358,0
285.86626044546364,40.154596691834534,24.31456444624371,51.84094511874289,0
297.1909143378249,33.55968600824361,65.92570187701394,15.747297339671054,1
339.7738994262657,37.15511479005447,23.00448443468129,53.11930706161071,0
261.3850929424725,34.43218717604774,22.496155479053094,53.26817608014929,0
258.0864544466103,34.720739086735946,28.85269081144227,42.326245977045424,0
282.49202020961985,33.11306741268895,23.68408374466898,44.05756570120585,0
331.1513655305795,41.724270155903476,22.37817598585568,42.943600378347305,0
254.41961773569471,31.335369809457326,21.51589211645634,41.642446973494614,0
215.0353320566829,31.298838737256457,27.15020690761788,35.792526453317706,0
286.46523424773005,45.604967829225544,24.31739097067988,44.92626140991579,0
316.5522239973276,39.88923782327166,24.492580529867205,38.572172031444445,0
336.0078524921649,23.07443150653482,64.09409156163446,23.48684244712582,1
286.105159137438,32.17370630394798,27.025885769339563,55.57885404781492,0
287.6572017865199,25.94005331218973,24.64094033204816,42.453274518346454,0
334.6170220276724,30.246546532923723,29.688107557665255,45.97387002814034,0
243.90774900913738,19.3074266688298,25.267521148108457,49.53324192904642,0
288.3443767445097,34.315052111530285,27.123569533916644,46.40145645982953,0
305.7127166977517,29.29029090419344,26.610479715808815,46.46242093971148,0
313.476561638551,35.29952628398219,24.927105359483924,43.187987831559596,0
284.70579920427355,26.874393705587377,23.826058027959075,43.84061012469384,0
301.03323035117523,35.4145592658602,25.663927857133107,40.19994738906086,0
225.3501793976103,32.92541860939836,26.020197462414547,49.23022504444704,0
280.2525476299846,42.50976482594298,23.854827903746944,36.29254171692952,0
313.605261376634,42.056784308728126,25.332677731901313,49.85544169191101,0
270.5311789723596,38.92672801505142,27.472409956519193,37.98150807627379,0
301.76952664768794,33.36693109669394,29.13989547813936,49.81303637038326,0
313.40617502408094,44.926901976301465,26.708738640698844,43.230912368939094,0
289.72352397426704,27.2348236108009,28.725519372760566,38.8406565593346,0
305.1139131298971,27.982206852181687,23.74125157758709,47.89649322539818,0
271.11802304146164,34.581084500554674,26.403764504118588,49.643837675378876,0
293.8016616091186,46.2701905446056,27.677039017162546,42.809606759482314,0
318.30648508767666,33.98830546564956,23.20733333405601,48.60305274339466,0
304.709188829053,34.08377378395359,24.02881977590998,33.57457752665325,0
282.40406191308193,27.790448219440954,28.4758095236705,38.397018551266996,0
306.7264921287238,39.729647926351895,23.049802288426122,51.46204465234364,0
321.43829371909857,39.76588127164677,22.31773993468858,43.88165362901042,0
238.50176164267566,38.94537600699955,28.055963147279023,35.68893336775576,0
334.77222194867693,31.85389663576319,27.393526449960877,41.50566909779003,0
289.91235783956785,31.46646615813497,25.86424048796754,40.382997637374594,0
312.7646979972069,28.534388747975147,24.908578490708344,44.17019134263538,0
335.91740770935684,35.41936250880467,24.122950988790038,43.14624508096176,0
258.849789083086,29.59796335360749,25.563897747618103,45.89465864469081,0
278.71676992717363,29.112917473753555,28.1596139148031,44.652669741937125,0
291.3435391237289,32.88154641544662,25.477132252284154,51.798696275185094,0
276.48739436626715,32.55421912407892,29.333918534493932,47.12274299859835,0
352.0480972751043,32.310107355890224,23.20411602871954,47.28835805596793,0
274.29683718519624,37.33222298420131,24.96063849134346,50.825785619472605,0
283.333596615394,35.395239010751396,24.25388266467217,43.056156247852094,0
306.1316709480893,33.55921984744441,22.829716913675334,38.69061278320758,0
263.93551421771735,35.91506464155741,24.69383253398069,51.034851623161245,0
288.1295786473121,30.04236479447684,25.83465860332088,45.67920874054056,0
309.52359783750524,35.52639311954839,26.04846035990406,45.696756039494645,0
290.0141878685247,35.75301246422317,29.340904357889112,41.83335039234882,0
297.1983942330015,27.484765703212595,25.92893493944712,41.91572333448211,0
284.1200366265489,39.97846877185181,27.30027360735923,49.23361169385422,0
254.565890724577,30.592831473865022,25.13218849259795,49.923278990688054,0
309.64779634017714,35.45154899603217,28.35611120090519,48.91911702873329,0
352.64799214941723,40.82205870267635,29.79689857117614,48.96480802722738,0
300.55204892350315,39.628383788569344,26.0621702619519,47.845147686298795,0
306.7579235174265,35.171666942844176,23.014681969096838,45.65761365039078,0
320.7816826535058,33.187504985589655,23.902389954445663,44.1231015783951,0
261.92008510359904,39.73755954287783,25.563868606410324,51.05161924970776,0
351.0754397438882,38.3734748890431,25.912996070501293,43.13139564754783,0
306.06986389268405,31.90817489977935,26.396850268768745,46.849896069403734,0
348.9557069726733,31.02553176499155,25.92039536246008,40.979935010228765,0
278.00901013428035,24.63822409152001,25.013969832511876,41.70350481574775,0
354.54185767673476,35.77015920841794,23.72760311759574,43.819227160713865,0
323.2546648210435,34.586511274908005,25.80227652252846,40.980308116364185,0
316.5912025755708,40.68095687321271,28.709974714961312,48.9892591273915,0
307.02073363059446,36.79527546740183,27.03985721085551,38.259828742274856,0
292.5441414577665,41.67114597086345,26.069407899272395,45.49614811690537,0
336.0159497542162,31.513178860419146,27.0591338476455,45.66254048421091,0
304.2107960954414,40.69075165483809,24.257871942198296,35.94600210840159,0
240.9879088923854,32.355418104476726,23.983469707833358,42.79488089738196,0
266.4844061487899,38.88798030896136,23.504429791268038,46.27849769024071,0
294.4246274342176,27.70620803734653,24.749426754461123,47.14363996647034,0
309.29996949496666,530.0205156149784,24.15598820658184,43.97846395699917,1
298.30234533300313,25.07656029277045,27.41654948130428,48.38444102240358,0
336.5691236938099,33.66431257029123,24.049353164635622,44.453418713819794,0
241.46694407884127,37.20176996938957,23.39455656755017,45.06826456037528,0
304.3076380951548,32.39515724384452,28.885154357661264,46.25826934493277,0
245.46062323838535,29.747811856220164,24.097249537837314,49.63499814367084,0
322.79136886452505,39.23059234647967,25.307056914500702,41.62140998792234,0
297.16623856673993,34.48268605076538,25.902645649486825,42.565890637408515,0
312.5882991607235,32.55214676484664,22.72661376215837,41.65551754135392,0
274.083511182307,35.209479605771385,27.47096753900614,43.33901141929034,0
338.38394794973254,48.183345709727945,26.274238080822457,52.131171290398825,0
331.25173992176553,40.767514248907716,28.116768023761562,47.86362659664911,0
317.50632909035664,40.812868340939204,23.6415561255638,39.34455127415579,0
296.1144825940968,37.17773159496182,25.19825158495232,41.997765172056624,0
317.39571855885396,35.832426362885734,25.07871150998839,46.863836121382015,0
278.7932229603795,23.01958855834792,25.527776988700044,40.46746109533615,0
325.66666977062135,31.60509826768434,22.09077050284568,41.373299795926215,0
349.4844268297176,32.59712793398763,25.221672757384443,51.72479833087074,0
332.1183167993756,25.625539679762333,22.14707217715251,41.93312185763406,0
278.1119259057777,29.212921048922833,25.716668142393843,49.77333408014693,0
310.8425195181931,25.09581764538683,20.74270175096296,51.27661594765469,0
261.2057536872406,34.80838082151314,21.296826331418828,41.33268954415518,0
317.1717093352703,39.09382985424408,26.637097432879997,40.550187217214294,0
313.51810238587615,40.53387259312164,23.906323089610435,43.619339567594174,0
243.90550981403507,37.073922310396206,23.02428385273552,39.556861396631874,0
265.1464846826291,30.183018294007155,27.541691242151096,45.60516939251371,0
291.505833097687,25.3396742074002,25.65525243465683,43.971740440733065,0
290.9742075857752,26.21565650299249,26.744180391067566,46.80290007943151,0
263.71569193743585,28.655087113727507,24.66751585535834,51.98471728116411,0
311.66936188056553,30.555701509821628,30.359257387800007,49.0874249038516,0
307.54420826821536,34.20125751004207,23.79097227888041,47.44619887706178,0
294.1719260406444,29.92917890936516,28.488991098719776,35.16975793516041,0
277.3262549952491,36.694879468341306,24.877267919800175,47.21687991051188,0
331.4612137924969,33.83863248600264,21.690979210174508,53.613138303522746,0
349.6622133926489,35.05272855870513,25.96569749149622,29.947387418432417,0
285.4931554846039,40.701252763356024,25.629525122910326,48.446912714878124,0
281.6349924853554,29.098841328998148,22.89735637152154,44.20320712621768,0
314.7362299623599,37.093522891461845,23.15556144573057,40.75102498488528,0
289.25911860759044,34.93013385761963,24.950604713830014,49.00564291955977,0
295.818083980103,33.33256859515152,25.699495630495964,53.548529503036654,0
322.18959455174013,39.4262816043298,20.0586734342412,48.87615364418877,0
242.7193173747812,39.39507077278504,27.106242905047605,43.144040243692366,0
339.5490697455801,30.26754602005786,24.011004052370044,40.28265087795922,0
302.1804157298802,34.08919708071038,22.336505031203647,45.72313816894772,0
287.6552056631346,36.40605841292032,26.88213310290386,49.36584646190794,0
297.32297537335654,33.63496625988708,24.95276404116309,43.06473486883136,0
298.87288065061557,37.92510666143899,27.43233155356451,43.54808504174601,0
248.06396089665225,36.40596008955138,25.875904525959513,59.110001249191995,0
344.84814682359706,44.162806201780064,24.996970994103908,50.39325972979863,0
301.23976896811854,27.34860432035106,24.69454011003969,50.75064339196816,0
313.29006391342125,34.38782005126301,25.965425521112277,37.69857046970594,0
328.5464931172213,30.457487442439046,24.17293748238134,41.4640566035327,0
269.365126273191,38.02053727719522,23.294854822507002,45.373408197271196,0
314.2041569710569,26.914140549772277,26.219818245309288,39.99431221057425,0
291.9707672730362,36.73156355112443,24.711024317111143,53.00198649444647,0
325.40312325649484,31.849757843258296,25.067135296138012,52.05156153295323,0
236.18317738945512,31.32919066939493,27.178759672309216,42.33227331307973,0
297.0271709927619,27.767508982296565,24.77224678452852,53.91959303303742,0
281.91538032648117,32.67462026899497,25.03006785108358,44.97873951640029,0
312.96788851902465,40.42250265145463,23.800700977098135,57.94694858694525,0
314.10132562104604,34.8740565823526,25.861479867963702,45.72343065262518,0
278.7712231553392,38.13840208937237,25.699655825360175,47.88096375164211,0
278.6347840747187,43.323209109831375,26.801550263581117,51.999517205847795,0
296.6800389432801,36.31877792411288,23.841742325986246,51.388166749039044,0
273.1007331805437,32.206002139688295,24.08436606081963,47.55366033067947,0
325.25951086356383,37.336261075913946,26.584274798290938,44.29429840278082,0
288.9237839865766,32.27851926842854,25.504426006725726,47.5706634999656,0
212.79035342035075,32.477886583514156,23.18756374761461,40.919079140619424,0
288.75533830134583,27.400536001905074,27.613108135469002,45.76066859432058,0
268.84368537468083,39.63128745542196,21.6030988631995,39.453462337510025,0
251.06172553617165,33.0699871217528,26.568569506527503,36.095591799598495,0
262.87720085332285,35.91049122907931,22.469575928003607,45.25213382069722,0
303.2822541549891,29.8201903569668,28.771577032971052,51.31138945335836,0
339.8592248474469,37.179738148577364,21.910800546188753,49.629023207980296,0
309.3955342159494,31.19029380932458,27.304501303745496,44.59043852137196,0
281.8048983535278,34.291456391490875,24.836731279977514,53.734948490877485,0
313.67712585512106,39.38913015619563,24.266794860322513,42.15469304576713,0
286.22729069343023,38.95379656116265,25.370793312935522,35.410836691009884,0
279.1619889251057,34.889849637415296,83.91669148545954,19.02556426983355,1
265.36911995301045,26.15934483646641,23.19119899533826,39.09404529702142,0
247.44513579744842,49.964052850303204,23.368424549662855,49.08312371631114,0
288.30228880321664,43.72929485136568,26.299209730225773,41.82598658266307,0
304.741604697604,38.61337412444149,21.5853140927008,47.30479320928651,0
297.1012898995533,31.233981092045145,23.83154181361583,53.23141691791989,0
287.5209921615792,34.432039191490176,31.08137390831888,39.49951518711097,0
271.62761817909654,32.28289785111742,23.063974070821438,47.39249865897945,0
318.24738575054903,41.31927969548194,27.295605583519507,47.69481536327861,0
260.48604240160245,36.312514454259166,23.828098462572378,40.696310057634484,0
323.28083741530423,31.079180708200838,26.018090289594287,51.771054626225414,0
269.93348943219826,32.64622450437609,26.308711381192435,43.561464722252616,0
277.42694287940895,40.605940712849524,27.257913470365896,43.081235095434955,0
255.99644428152968,43.00048923410239,24.599492346374447,55.55806609208987,0
284.9579355934309,42.64165781743123,28.977769277509708,47.61383371183359,0
329.2593737543394,38.785160325269885,23.82132687082964,49.62645274842749,0
315.4688426533187,33.736875655986815,25.46844082719912,51.774464657609194,0
329.35266336084106,18.792430873354398,25.490553864435213,41.747630002703914,0
315.6642763780181,36.48580011904111,22.75606376010117,51.249105485268394,0
266.8899051440889,34.9908562057795,24.42825549004176,42.49052942501165,0
290.0763232701733,35.69991048160677,25.323026998476816,42.27688305330852,0
276.59402612647614,35.26948673516603,24.13575791374116,43.64000013845932,0
339.9172471211712,28.368689190254216,29.881847930913068,41.889675825275226,0
264.09634060721066,37.78704278425593,23.32275265280094,49.11078216328581,0
326.8109306816733,38.161081570159254,27.358848936280857,46.33605327572528,0
326.78861610326305,38.4116939102983,26.712919626297573,42.54387792691443,0
354.8886060514826,39.732885017866934,24.972275730991456,48.37252516577411,0
287.70940222111506,38.02025822460811,23.269581892295506,43.62408781306827,0
321.3696647874049,32.94985294230545,23.46348935921646,43.35964814817662,0
368.4495550961653,34.64581576041955,23.96406540156698,45.24341942450772,0
281.4707496919891,35.45562433626689,21.428517436107473,47.317301778331085,0
253.9487925740292,35.538497245533094,22.993069148401418,46.9492382468871,0
243.59969898276708,39.99108827985865,22.035046969272713,43.183754088735846,0
321.38136086583995,38.21834376511245,27.691750006355434,49.235556037197014,0
243.5054937582425,45.38671719784977,26.236924784776438,43.88802924460172,0
288.83042841186233,46.032344899423364,26.571948197730922,41.72507755695641,0
313.11939561116884,35.398247913069625,26.177663903083896,37.65989175616324,0
305.55526610489744,15.816722257703153,25.333935246668325,49.915892404995105,0
312.7633459255252,41.18416233063633,27.921360664258273,45.06195038097004,0
306.6686956740256,32.298118305064726,23.778474688536527,46.05436179255258,0
338.3659743994018,30.992580390844967,25.21333931073409,50.229014578497576,0
271.43050857783606,33.00777362505317,26.494117655648246,42.61296884201092,0
279.69014584624404,219.69040448274103,22.357581536287743,38.12800375762936,1
276.8202166418753,38.061349050526964,31.1931777922851,45.348903511076095,0
324.9057543558783,27.202821104368873,25.05713152555517,46.53980776040148,0
327.0119576518519,29.611396271041993,25.283978901151187,43.68575466919813,0
313.5367595795552,36.715792770987086,27.513756063349845,52.36868789038085,0
335.5048100066978,38.11472015206654,26.829910666020446,32.56916716139322,0
264.65877397870855,38.20770822468006,25.076156038792917,50.60028318949892,0
350.0167233465341,31.064818605333507,25.260258876196083,48.95576825182113,0
345.6971586513677,30.1086717536688,21.99170293810404,47.2838538885023,0
322.06865991737243,32.466825831060405,23.88706844430005,28.320492252654518,0
353.4539672631318,36.199363761423626,26.03442043231792,51.41944391635134,0
250.3013037696668,42.42738684636275,25.887785678085773,39.86782944682057,0
284.26655591212045,24.76281407114625,27.442331500008173,42.461540108083064,0
277.9408961795414,33.896356215208165,24.758997883553352,44.14703667604966,0
321.6443797127203,28.33660779487398,22.22542697313827,47.03709017325988,0
268.4957778119356,596.3038538287843,27.113460861551356,48.19714021096275,1
322.7248544801246,39.834783226724085,27.87217869236403,49.46420277159648,0
341.1160843199014,37.723122872496695,26.79648914571246,49.07926755039258,0
320.85608700252,37.24716757973631,24.672732658285017,46.26463602106563,0
308.512530709845,39.605129198654964,27.088772103753158,47.079613295287956,0
270.36379977297753,32.60140551616932,31.857820956016425,39.546231420888766,0
274.5944710162391,32.83681241833236,25.23030462888095,41.244865965904886,0
337.4885671589,45.92865308361287,22.37652661550975,49.477301118374164,0
323.38047011716,33.76714472870213,23.827429900895694,49.18604743364341,0
298.82941441867365,38.675660565270455,57.50198821454384,21.160646210363048,1
287.4627136270233,35.031907704816575,92.69136039163782,21.073780653653852,1
239.2257638066587,25.758707349607924,25.33880614982414,49.55246065971848,0
267.87442743946684,24.776854980993658,25.760673300631765,39.19377773759821,0
357.3425726141917,32.10507890030048,28.070243479625304,50.386799049311364,0
261.586332869926,40.280506258349945,27.6203897121086,43.69564599377055,0
305.6843946366324,38.94145828318002,26.72916958350354,53.42085203170316,0
330.22331919585594,39.57038582112017,20.67464197897094,37.39278953967258,0
262.3523199599312,30.064769105318423,99.62241601497047,10.444601089775842,1
305.5413142434325,43.07936245061157,26.411026772120493,43.19267835418269,0
328.13746612531963,30.175533499068077,25.511888754156693,43.10260371994128,0
300.3749796572175,36.06412199334984,21.53955574770903,45.97419409492799,0
386.05209167000305,34.94823855046132,23.44645218162588,41.514605435996515,0
249.94202223365414,607.8897027557339,22.666354460931867,44.63835499348846,1
331.76185589651635,41.692960691478035,20.96998312098582,41.311868673645726,0
294.81594787810604,31.4744473991702,24.99416969717041,41.49468234510407,0
323.15760464510026,28.25197372144036,23.40435575711444,47.43442975150286,0
313.23921455097735,35.099977431032094,30.250611160537822,40.49217252348242,0
278.0053140867001,33.00086632856737,24.66245612112418,41.15902882497259,0
306.8698917737802,51.88691459541323,27.58750631173192,38.136043751267955,0
244.26295645805138,38.38253738219988,21.86180195061355,42.4803466001933,0
318.0974250171418,32.95329712390688,23.93982082799026,51.55801014861961,0
308.94475397971576,29.719442154064566,25.193795752068628,40.770331799485156,0
319.1598050592931,25.598557947156078,23.183692102784658,41.34183367406379,0
976.9698876813742,29.873904571312835,24.15559863039051,45.969609732407676,1
311.0285952062913,35.57470885879566,24.564098187512922,43.14601783100237,0
304.4426825939483,42.136643257973844,24.532184029110212,56.14077216674825,0
273.56794990016124,40.608445711939595,28.710237146070693,44.18736017661872,0
278.6333770905285,36.1454741582319,25.75645257086302,46.676091731086856,0
335.60203860531993,33.384161671487576,25.959021125882607,49.71884392399661,0
343.09006217117934,36.34406178206077,26.07930954869014,49.622889329314255,0
292.85668691063836,32.40681001257712,26.225252754674226,46.16643790778689,0
301.3800824175982,43.59181997881938,24.83422603225027,44.19436256656999,0
272.861568750187,34.0540490936246,24.35850725704231,55.12014268189628,0
335.1827053580233,34.56831070876637,25.333632119036555,44.501198623428664,0
319.96250471075336,23.92088787489666,27.313607897826945,42.7915494778576,0
358.23652309391247,34.02282576738618,27.252476376872767,41.77075505852991,0
273.6503076846078,39.1824206898247,24.51920304862318,36.36598398646622,0
288.6597630294535,29.661387114807276,26.53568738933622,49.108078761185816,0
306.9433776757672,31.246398327535935,24.610830673920663,33.25965801449587,0
319.39468613177314,38.96355508866832,25.06774109887049,44.9713857954754,0
293.529970873571,27.616713882409734,24.052953236891604,43.97569682864307,0
273.811167286389,40.28900503770959,24.636709722187533,56.19982596115724,0
326.4422258677071,32.33928054913449,27.68266013909936,35.84174385643187,0
321.63406087636747,33.057158897543985,25.18484229467847,40.49448356507821,0
272.5117769830882,29.38060797437203,25.270565017104637,44.31951770659175,0
340.66328403316487,36.89023130213942,22.105564441484084,44.012353312654156,0
335.1059612758981,47.2993599251469,24.38151218473454,42.252277045949775,0
304.0288949174338,38.90748619730316,24.517370192510544,44.595060452989166,0
302.3879358712811,30.67857369029732,23.34171302911319,38.70218635565129,0
316.6217331334772,40.67810292745738,25.04333082340713,46.7859643949747,0
274.14890789231225,33.41660227032875,24.14163541954469,33.39257328961211,0
300.90094437492246,41.8724249071378,25.159991710487166,44.871153220613714,0
1143.5951362809653,39.03338201082182,25.243006019637868,41.998216528682136,1
326.2936693650881,20.284292172641333,23.08849128435471,50.081439713783176,0
253.1552033267442,29.979601835224862,24.20259643503362,53.77655535316652,0
345.10259485286997,39.72192611417695,25.15474856552167,43.34473915624821,0
290.09639718100647,35.75828636072509,27.36859886231345,51.95362964570715,0
1576.50119706422,29.881220261460747,25.51343834559148,43.41941859684795,1
281.1679828174648,31.832052422530936,23.676129640165144,40.16936738435455,0
291.3588337823377,25.468816899553097,25.798009518487703,53.729518160928095,0
342.5559403544411,34.55813356236802,28.41509777864352,47.603882223670034,0
225.3657403039476,46.053448630078826,26.833412945178036,45.02219261304907,0
338.3089615826456,39.02466695366163,26.09505306087124,48.435887375493245,0
310.14070443305127,45.952085005942116,26.45118035096464,46.37107517565084,0
263.78935056428355,39.4119854489499,27.879908082857263,44.65390296029241,0
267.7406282085229,40.13739671676346,27.15125358803532,38.36782586346002,0
350.2917908162461,44.87039343872512,26.133520762235314,43.64731631419367,0
271.63479360171806,36.88631629671113,27.13728443918017,48.11627711729236,0
265.3994846821212,34.0638633924656,22.83669780747188,44.386142871565944,0
334.1194362709419,40.16328758311006,21.995469495319437,49.51162880565193,0
310.15658628857744,42.269201185609425,25.31419730128766,46.91827511933394,0
271.86223270390803,32.60017678643896,25.137361419301076,40.609318409572964,0
306.4987492621386,31.392154588299853,23.912179892973484,38.40414021083938,0
269.2274194907917,35.6942801621544,26.651705339655418,44.21410750034916,0
333.02464195267817,39.15749433465831,21.274272827097526,42.378857759477064,0
331.84112894619403,38.99045524330781,23.93045548788439,46.68160904810843,0
315.9601859646583,27.879161999062006,24.03008891024477,41.40931170618635,0
310.8498318374105,44.55803033531661,21.727396429801082,41.923038371225616,0
352.8356437460212,31.79417535301575,27.98946201453861,50.265348587974565,0
299.9905898216468,33.674675015557106,22.281597462673354,45.74101484313949,0
264.54377623737594,30.486728200060902,23.823319885384628,41.48636467286354,0
313.4842173849692,48.49164417968544,26.815959515610267,45.0882090436751,0
362.58141148611344,36.210353351439835,26.292090686857463,51.894556215008414,0
269.55721520442444,30.745124596592177,22.783650607030506,46.468933441373615,0
289.1561169991804,39.31961774981223,26.36497841852127,47.964754047125645,0
312.49338114304356,38.84567889655017,25.579568957316443,41.23882731736279,0
298.38285452982785,34.06136488210058,29.666071124222935,50.132096885673,0
270.53089258868056,39.20303356391692,25.807880832136608,56.59051130231901,0
333.6557356869141,30.873540195845678,24.717516357862937,41.04266178743573,0
369.6012216605178,32.53540862525374,23.286996085761153,39.09053012814005,0
305.8839437707172,24.948916727169685,23.51151326608886,45.877711219175744,0
272.87795130792,424.5171131270526,23.348461809063682,49.37752524922205,1
253.53118424839576,44.03815402835343,27.742197627823845,44.54305163974869,0
307.7392794366354,43.20714313861157,25.03593983003294,39.73396801978669,0
916.591692148628,35.328943243244815,26.13049424794946,44.45707919109805,1
314.2550323948615,43.314657235949184,28.028495199961775,47.99046136388727,0
299.92788477243437,237.25478901900124,20.28307171558507,42.9648408652697,1
282.3218504463208,33.78294848716046,58.871839213670796,14.400208564879065,1
267.2350910184573,35.28255324232778,25.110793823566667,50.82355392619955,0
325.04253978974646,34.375392023382176,25.87009674328089,46.20115312885224,0
327.41314864156755,33.9240183821991,23.343193556503497,44.86026114360854,0
253.628106399278,40.71699053574776,23.489751203102962,49.14671962613141,0
347.69516934542054,35.75067826978101,25.977691779625975,40.71949586281385,0
317.22213662682003,38.562408822169026,29.76919560066294,40.22645083153539,0
341.9878393543738,40.15690262638665,27.006626625629803,43.667138575355075,0
259.73616754544656,36.94092897827367,27.53104584283708,42.54060272592766,0
259.0252753375368,30.148643370458807,24.61599745947716,40.983290123547626,0
295.5309207069811,28.23567055517981,23.799591550828744,54.15234237499387,0
315.0835328068558,35.743903174036525,23.438390096842014,55.85996604747146,0
353.8908246878089,34.143718475875325,24.023452550606624,43.23147478872209,0
321.18236741445395,35.43695714460061,20.89443513365895,45.458594748741824,0
292.719561695639,34.91972980375707,23.550161314216798,44.06078589968104,0
269.20892377002326,47.917868300832836,23.879293687880313,50.53749620059078,0
336.9000171815745,28.34886872179331,24.649283651210318,51.52822780920024,0
271.05883722747853,25.050268650894377,25.263500219494585,36.113681006551765,0
348.85405664316966,36.661884167598046,25.724901737251223,47.38005400032813,0
291.4684605118047,33.11788722705902,24.97014925511408,38.46589329419426,0
347.7174621785355,908.3548221290258,23.837113827314486,53.79136078937639,1
320.36793870177837,37.91941511142001,21.07328271346896,47.20124015105199,0
295.89013531672623,41.420523475894484,23.849382783196415,40.88325230818682,0
284.4181088452162,27.46387089808031,23.05509872462599,43.793393060310734,0
289.7727636796176,32.216410510714184,25.932133496557206,43.55511370866921,0
312.8495007712571,37.14380629440382,26.818574793387388,47.625564714429075,0
302.3146948865315,38.85231797843613,26.87714213411988,50.209563020887394,0
282.1856577579388,45.96724775144193,26.51390547225564,39.25896354014145,0
295.031057690471,39.778519855569336,24.732948529095022,54.19377250456057,0
302.3573108915745,34.71605702056861,23.956088869048205,53.02845053910422,0
236.13797716755565,30.547821235286694,23.505794492665867,40.62338216204477,0
313.74504344366096,32.17855073640491,21.985002166796498,45.36400897181154,0
270.6083632584958,32.03648588521447,26.983707401015714,53.55404272057158,0
265.40002790382766,38.27616814256881,24.650577924140052,51.16459293338742,0
249.3796695866787,36.28498722792915,22.507319412758253,43.31628484976052,0
246.18322506396328,28.381752145789104,23.34701724857953,49.071699072839365,0
259.3365749066313,32.820492654547834,23.266053087134896,59.98599145859569,0
278.7293712710853,39.3877377672571,25.086048970030255,45.52579990925606,0
358.59777412579706,36.75831177487029,27.134935702141373,41.8367587427999,0
284.2236097231439,37.84322308006385,24.304020900808833,45.86209926045699,0
305.33250318804096,36.91460855028632,20.4949329704327,46.23276047748659,0
312.01444159518985,43.1321536730443,24.62163932968216,42.37731630499951,0
303.93195558647545,36.18021531912185,24.68761219980561,47.20812533907108,0
297.6766961782202,33.06988601064651,24.550159538128955,38.72799470136249,0
264.1411870920227,30.421224794332197,23.745077667048598,41.672330664956604,0
343.52782644837635,36.24804729104856,93.29682253382123,14.80491890908788,1
354.21589930913655,22.796479926124576,25.132282230298003,36.22564574228874,0
249.52023917631942,34.07855499083644,24.950339371746704,49.51583795997388,0
269.27914227340864,33.97080070039328,25.82528272288593,34.94009317147148,0
291.6056897286898,28.177645731913596,24.140334353704294,36.34337710561842,0
271.06386615269423,30.35867080672002,24.026828660598692,42.505106284720576,0
315.178966603676,39.04828765074121,27.7602465791708,46.43431921409675,0
278.1518339278016,36.15355874537481,26.118710819430873,51.62631801563694,0
364.9516820341981,35.508941668536636,26.653892121885598,45.28811381579798,0
335.7164578303079,36.53173766966011,27.452209170668137,43.76723196212005,0
306.37722091896643,35.46313793974462,26.0518883612496,47.89790623992402,0
330.809587899592,41.214312814291574,26.856777358272343,40.64550589766033,0
333.17701273071924,35.617145908518246,21.841309675859478,45.69707579673203,0
283.0815753582527,27.708934430906247,25.408307743992054,39.0027687102232,0
275.51348266374106,43.15064982437205,24.634563076371347,45.41295258437707,0
302.34429188908945,36.851701336644226,28.35536818179962,44.35081837075298,0
325.84908373493835,32.05373134602466,26.8552910636066,40.978660392752914,0
304.1718119596025,28.732991408524907,23.73910961841364,45.825203182688696,0
252.6901055342701,36.979571104790224,25.745588317058413,45.79274826579822,0
275.91526668147475,34.41413997512812,25.33536266689848,50.877270061695675,0
297.78081409216867,42.87073393016205,25.908662866304457,36.97183298468606,0
297.7300318702251,33.27046359666586,22.962315061250695,44.619755461514785,0
359.17626530369427,30.813096051587667,25.72003293047645,41.1986880014826,0
258.42036172803006,39.47898109117964,24.54369730142353,49.34881029088146,0
315.1676772550762,39.62640946358416,25.5648995281112,48.76956032596066,0
344.6733932498487,35.843256838050976,23.55122966975566,47.539399225343104,0
368.1434923626839,38.38178523837454,23.8298736572068,41.480833709652686,0
287.8680773044812,34.81156439628881,27.347684040733405,49.42735291470048,0
314.742883581606,36.16932550504624,22.896904883319678,37.349345356283344,0
317.0928107159594,40.824954412819615,23.044491197915903,36.32344648203614,0
305.8644519465987,38.126591670107516,24.896837485568845,38.62064500049038,0
297.03464396282084,34.15362780833688,23.45621924962809,44.83262594836547,0
313.07926168500137,41.761812729630755,23.229942735474403,48.37582200494147,0
224.03261744340944,23.175723136042436,25.21015194241659,30.11983762995238,0
320.46208470187895,45.26036655710968,21.98986828619259,51.61371415939893,0
303.78533710985903,26.470204525546322,22.984075530172724,45.65556098089217,0
293.325753096652,31.86453587613852,29.108191165847288,37.161138262051125,0
361.40586587158674,34.79541232402465,25.918950117938017,45.50473485144791,0
279.7519794362834,34.267596646359195,23.506873295460178,50.4626270733921,0
287.9077203280491,40.032055200132774,25.836430156532394,47.997205076531294,0
359.74659906614204,29.71081690694883,26.13466095397326,50.49536531276983,0
275.0381608545043,36.30383408741532,26.988828840180478,38.168766853014446,0
283.49654151190384,32.10893950890123,24.74568794108654,42.92997382430798,0
295.5892372970745,36.475704896687084,26.952995405545778,40.37653884738234,0
325.2220344638865,34.676138701010615,20.923106950235656,53.58790102522159,0
306.2340752205994,35.46467826341489,22.887383739048495,48.19681421743315,0
261.2212395854321,32.25037583767827,25.327742803472912,59.23504794478821,0
284.0349431061843,32.44968024951959,25.659267065615584,42.66195233291386,0
281.77936700363364,36.436362570137135,23.176435424662717,41.37662894158848,0
297.68336864330865,39.71857752878022,25.51883998252632,44.28586680702425,0
312.7753097588949,32.00860332901076,23.75231950262548,51.89178610711274,0
312.5461726766392,30.65616227713545,24.446081811545668,43.169401553123265,0
246.71964737854793,38.06730082835919,27.049547601330023,45.622187989534716,0
331.9182296268257,34.83748053471155,26.8178749937772,45.483453514434096,0
307.5770653798987,39.15249066992976,23.005879345273478,45.19748380601095,0
341.5359614278172,30.471013933144263,22.885497075959794,41.73800769768761,0
313.3259498187202,26.102805372882845,61.42860384939551,19.38162995209017,1
333.0396887320729,32.33497959086833,24.94650739765415,44.09948699324321,0
313.9963593435038,31.16823695367492,23.684203022850518,44.96217670162675,0
340.38677268608245,34.6060579995985,27.081284885599338,49.717584090763545,0
315.66751908053334,31.815773928648053,25.69477968341711,53.803140173122465,0
297.0625426067129,38.70508475668225,25.812170219748857,40.79782618665146,0
368.17304161340644,33.55924868788742,22.466922342110056,43.04003187606143,0
326.67111366839674,35.75237249386951,27.33458143476756,40.874940507969065,0
317.2123326301324,35.78817279220472,19.35966235551862,45.935507686111364,0
261.7108675038499,35.97477546206094,26.66811090369874,42.30825271244512,0
261.3507714760939,34.879354447725134,26.868623475341543,46.19898416870994,0
308.7814644642556,37.55300345205157,24.13519762544408,50.518134552223934,0
304.3656359330472,31.021724330870963,27.545820434494846,32.37084157097696,0
281.5763230497505,41.99708963326942,24.873804894091307,47.45889944800346,0
304.2294809883618,33.81731308315732,25.124863406654885,42.699064755510605,0
347.65880784130786,28.44225431050659,25.679057574808432,47.30211133992194,0
320.862074236509,35.94036678495887,31.37314982362211,40.517652811249,0
265.76974470741783,30.744097587762575,27.68886781616601,50.981304941534376,0
296.6547351857117,38.326672672544376,26.402262401425837,49.56640309020142,0
275.8510055744232,46.04802788021189,23.17439102679761,47.84176074271321,0
1216.5347085299807,31.06713954221075,25.287179650958983,48.96612858905049,1
287.5915300311107,36.661861666119925,23.373751812307226,41.27189766413913,0
285.67063252187984,26.22247205647686,26.644221694565626,41.90188122655355,0
262.34593884079817,37.26952614720673,25.280933951469713,48.762181004087395,0
296.1703595544543,30.571431001001553,22.75095664077221,41.16135428615694,0
283.1817708945807,31.875826907827587,25.162249166837007,52.228175233290436,0
212.11653929993196,29.49356755080086,23.30116506056739,43.382044643594845,0
361.5891607350499,38.660756130273676,25.302432442675094,47.50947194930311,0
332.66308962650015,40.03652178736631,23.281845367269487,55.49624759627545,0
288.71097825225013,35.11692607329254,25.054975266721627,41.46888322965962,0
300.56457149221796,30.6778664733214,26.50093972387019,45.343808754223915,0
264.85036958047317,42.947615180519314,24.89389601614979,50.27091582318654,0
350.87168633432594,31.24794936122672,24.21822346565522,49.756386944382655,0
356.9186608431933,24.189838500362807,25.406552442114926,43.36092344880321,0
304.70081184739576,37.29194504978534,26.394365241585707,42.41634781239073,0
330.70591932556033,29.476126631792418,22.78563346023648,43.83432033727474,0
305.2586033680177,39.943043967495875,25.521312309410405,52.23928883075682,0
259.8982368337221,33.09431151663291,27.6350816380348,43.60447071820027,0
287.6452989310903,38.01856620272098,26.14731392655343,45.390578462417324,0
303.9578390031587,42.00750173276079,25.115508293334457,42.86606764538288,0
286.3635684376967,28.95570567689639,26.27947501339779,48.527742823979935,0
293.4404016769489,32.170314345537975,25.904992912205365,45.77762518791828,0
297.2580132747265,34.621644636714684,26.507202218319627,39.98283094620886,0
297.57364506403616,42.68775659517172,20.95213677803411,40.15587942982503,0
301.5677547149245,31.708086410297774,21.893087732673468,35.006972167222465,0
268.18184800810195,32.027481520254966,27.009658298966475,40.84339295437192,0
278.48951552616194,37.39070287777904,21.98944164767712,48.96972901816086,0
261.46247202900093,32.11385637144715,25.80307727143841,51.61880269006134,0
329.334466490586,35.76262941448808,24.295900687935415,48.42779181608592,0
236.83059174479027,406.0658861222639,23.007621508808008,47.773161003203406,1
334.6077102995078,46.071649712782985,25.699299514294946,44.36736975235675,0
341.5904819178853,28.261453848452984,25.402067007433143,48.874572774569934,0
290.93458239052137,33.39123648004896,29.220685304192756,46.43139111540942,0
221.90588736518103,34.837594820789526,23.75037759092822,54.022244859935626,0
289.1606831409813,44.56344067178398,27.880220240138346,44.507773429116256,0
298.07447516133544,28.3757710953363,25.70484582876863,51.71504041868065,0
269.68205340213257,44.91852067739376,23.677956236914575,49.370570409089304,0
284.5434481857527,38.785884105510114,26.59849291503449,48.677216431020796,0
1109.393335216114,37.08547662211623,26.131477008907904,34.9425433726909,1
319.94781486905225,30.076831564910222,25.071686589716098,49.64594780773855,0
272.263076568657,37.85570621019037,25.532590712881248,44.36246010545423,0
252.07202491213704,31.382566887901,23.806025937908938,42.78036752782554,0
290.1894804717069,41.333306265992064,23.348425749490985,37.585434794110434,0
293.59629661948685,30.144689854461333,26.518884347645166,44.972064330159085,0
314.8859756208995,34.43420752771958,24.552121151373452,45.16775798409121,0
283.9404986229702,342.4693344766755,24.839834003501814,38.48499039092598,1
315.3449872608558,30.062385187865026,25.559643191888554,37.63359913553154,0
358.05462120180687,38.70659908453957,25.530576689567617,47.433097400640555,0
324.4650306733279,37.67729373704817,22.14134705805187,49.358525655306885,0
298.55734478007685,41.04505099450498,27.572504172909717,45.95141454961211,0
294.50548586840114,26.100624458959164,25.242364303801356,50.754173248421814,0
289.2998059746039,40.32085351170522,24.5946934743557,44.56807507824251,0
335.41922737356435,47.52724452678447,25.861692010339492,44.728243627998985,0
281.1805966214609,32.741794554115266,25.473084387229726,40.41485985629605,0
301.35668126999946,44.47574306054485,26.534125378979404,37.198790112231414,0
301.53593705643254,33.684193639700865,26.075967344301883,54.27331066929792,0
284.94647421565406,28.137951312193465,26.435692457992534,50.656495251248735,0
258.826033563477,33.471837787966024,27.701987811455034,38.037437164307605,0
309.68923510853006,40.24101983837638,26.767249097941942,45.778759539156404,0
298.1698808443385,30.809117588342342,24.679027559342874,44.49976844448167,0
315.0072140830971,31.998306704967565,22.754197687846336,43.63003763418478,0
283.991990806825,37.967697161465956,28.33559586600903,42.9549107609253,0
336.6246389643914,35.01530058369286,24.524553253305776,46.906345734839896,0
273.69678656364465,37.923114762433705,24.053785173278957,49.09087762735737,0
351.36120852053676,36.18914770379168,21.526546364471123,47.011955845141024,0
247.57090470515215,37.398126597757866,25.676946210624223,44.39740812810403,0
313.04310193670676,32.838494070952294,25.29777320790754,44.2138664155444,0
314.2629204757987,36.158654710151964,21.96977012750104,49.684071584613335,0
276.13328796177353,30.36313497152033,25.90654808426635,47.31722469058031,0
312.7318181358304,41.442168112516946,24.003616158597122,45.36344731517717,0
338.3855600928048,31.82862641591343,30.380630014577388,44.82049351199946,0
233.49543481937806,40.644237437746945,23.861277615818263,46.72635254806144,0
315.08234422472447,33.83196519508567,24.129613335604414,42.658256557202755,0
225.20187539009768,36.009995053786604,89.0031371172973,19.80856355754314,1
271.03005589430376,32.525177245546494,27.555753042083943,39.62070719081066,0
348.8749909470284,29.920022844159856,24.254448411070495,42.94271745116759,0
282.54653899823836,26.276198061973492,23.550171692469007,48.05553047723012,0
264.78360106773084,29.723379207037702,26.413910019841087,39.335585933228636,0
294.0618681304595,33.38045573392039,22.23929412917363,37.134957286752496,0
362.03719014490656,36.05939589414442,26.250221092497895,45.3153883771462,0
245.04953258381923,40.05189656641632,28.562799433201715,36.51770922776765,0
268.46070265081966,32.771212701015756,26.13321566567018,38.505982229740695,0
344.9229504953888,30.59019617866413,26.27579663251985,48.78297059253216,0
355.731070306132,27.786426069986437,26.74012043381497,43.976073711971324,0
296.8970632712915,37.40031808952052,28.419416057351036,51.427434748544925,0
262.8284189242007,326.9993546171109,27.419787920038207,38.97592829531273,1
362.87530505427475,41.331651339781445,25.879339444546048,44.530238171838576,0
347.8332717524759,38.549663740736186,26.807782801272,46.9979227660388,0
1263.8773660313545,38.192716586337994,23.228130149069777,39.14742534935546,1
275.6279295318774,43.4881188985467,26.552587181494644,50.158809522498125,0
298.5291197748589,36.66040730708405,22.988888057632504,47.55339441583019,0
295.1891975686551,38.23064838012086,24.265955162736745,36.95356456656283,0
309.92553913846734,33.39608069074001,18.834875649713524,44.811291018957,0
343.5300431439401,28.189783145726214,25.802859318734924,46.929783681293166,0
326.3825112341221,31.580755497502118,23.712255977783293,42.04971663235971,0
267.67871769045723,34.954204807326725,27.222290430408925,37.60067547245593,0
341.2948935005861,35.303926862506515,25.780385221210807,46.39229394723705,0
309.39396420039463,44.63142927427697,27.24819178940325,56.05621475141281,0
320.6119738757675,35.40638583795534,22.832806910654924,43.065079504211546,0
343.9962257783581,40.89421722012822,27.076772074319265,52.84620590642354,0
266.6525925145935,32.82461379211842,29.211712688726653,41.23855589119266,0
298.9252326388061,33.44162057117383,26.52831659986379,46.07772817504976,0
284.0563634592236,28.35496181388276,26.580698017384577,48.857612654380596,0
252.96421723903632,31.28835993561714,25.33919535278987,44.957931670143175,0
310.4012993281476,37.63490695681877,23.950662438869273,43.51132175559385,0
375.3466965475327,35.03780090197067,26.522384745403016,48.63063760675187,0
244.79766766482743,39.71469309948617,21.987834179195865,54.457275576346106,0
299.0315816685159,842.7436069215164,24.164489750158367,46.50293462319566,1
319.2162880522432,33.23773134181129,21.457886395325637,42.419699117348266,0
303.69234604968545,45.741484318934795,23.592687245369834,44.051242213701585,0
296.6061584245278,34.530482156434765,26.28409018378712,57.59853822822687,0
261.0235090966253,40.81500484852652,26.01078675244093,45.67453558169064,0
1429.928406890245,32.99395396727661,25.101827391070945,42.02793150711014,1
277.2970806895222,38.547997396917836,25.340801988124024,39.2746604175873,0
234.3023488506434,39.640078295758435,21.22827076427158,35.87049452943697,0
335.8377666154119,36.042459852877904,24.25487543885817,46.81792136923095,0
328.7515745952613,23.22758538651699,23.63729678712958,48.273209964122515,0
1096.1990201870285,35.09126230428056,23.68188061897092,43.016519100173966,1
306.87224064617106,41.152300238799874,26.199157255627508,44.92514790984523,0
332.22954038146685,37.637404165138655,23.27898534698938,39.14769145355688,0
306.7301897033425,37.22919437614623,23.79063829974518,45.6646423241375,0
327.1205266428394,26.388715330212406,20.825861508580967,47.40747660283562,0
291.0755339737845,31.397724646624706,24.41175363924766,42.32417866416181,0
339.3595121572184,37.0567881557572,22.824324904572762,53.4522633479292,0
309.62357177798054,37.05191638393446,25.158405857379286,40.814468366265444,0
305.82155830817624,41.073333900664515,23.09778390651507,46.41738302009491,0
261.89816733863904,34.27566622426953,25.209084491098434,49.24158609852303,0
308.6086756290513,37.02912043336907,24.710628478515314,44.61355249925309,0
275.0413524751665,35.08187120965647,28.34408354608464,44.05761590552754,0
280.8515182041452,30.065286317492216,25.994435960906387,37.85566924775169,0
275.53873115051636,23.72104334452626,21.320724254875394,51.78670747858142,0
268.01295204302323,37.155048460650384,22.470222311794583,44.15053399166202,0
363.74314209050885,35.869736042064055,25.110416017984665,47.686827124674124,0
339.9401718596521,31.909124789499156,23.1403041032147,48.363602439300706,0
357.61102506432786,26.90413471742068,19.063263139528296,41.85850753991124,0
263.31314941333306,38.14869757204369,27.699092627667486,44.01235697854393,0
302.13761249732676,33.67039962902224,26.440448033810817,51.67241175371752,0
261.19477124387714,37.78437361184073,26.041953746983545,39.41401167129777,0
279.12915368408807,239.80303313091457,23.78535390905817,55.639590373786284,1
272.45619049750275,24.292845598401478,25.85535354201986,41.27563607361863,0
337.1875201932468,31.50199595648818,23.591279351558235,39.10241271679744,0
288.1131096569472,33.953121933440435,25.409714600435382,45.66154510344267,0
332.0513800108205,42.27413087073325,23.158833548327046,56.041741321699355,0
318.12362668765553,26.817984903967577,28.03257690111203,35.445170322038976,0
369.1091625631437,44.67930512840302,21.85952669183631,44.29492140755154,0
255.6166733058083,35.67927950783145,27.46456765902166,47.38132508628278,0
337.77699719360396,34.51999669133071,25.07783165603466,45.168249792677656,0
334.3932261120218,34.00970118390547,24.02106600931602,46.90960835001505,0
270.79863485918895,32.81868483909986,25.334005843391477,41.409834589138626,0
330.2140000941948,40.240583796345774,26.466696014356362,42.00139077034309,0
310.0843488907869,29.657396229587807,27.733493473388794,44.257886764204,0
293.17571220139774,36.72707090821927,25.626286046267065,39.350559560486246,0
1424.1118658428486,33.07909167146512,23.218607829475445,44.77656799279905,1
278.4267164565244,31.18933275742951,25.111260247531575,43.056273531642496,0
361.49436287357776,47.92987587841948,28.633586473324744,42.64977407422566,0
300.0204845687245,37.0952536737673,27.69535617102525,46.60253206299319,0
323.4639000459438,38.06632772330572,26.817526956248717,35.89670253400348,0
276.2730185499734,40.68888390334331,26.591374040244773,43.854549483084234,0
276.60441161335086,27.893250273407265,26.398900181213083,56.586768828074305,0
332.45954427749825,43.76145954561016,27.31750966901974,39.569451568371875,0
259.51271365345406,22.455214107524622,24.08674242855619,51.42750248242207,0
287.54358696284186,31.156167949807397,22.289827868449986,45.273280604563496,0
301.020822332167,32.7048416341055,25.138007001474122,41.98521095559291,0
303.34117805520157,37.90861682485253,23.364836826444616,38.39679170235097,0
294.6272014495153,36.09359133070744,22.889958489245632,45.69840982642616,0
311.8745934328777,34.16592629650803,23.559442846824137,52.26698552907338,0
320.78567267453434,34.94001327686138,29.970627849067373,43.05394427401618,0
322.0391263637799,30.10988488238716,25.27224926815169,44.59519287631613,0
270.4258857399652,27.513838027579133,25.723815672721976,50.051854250951656,0
291.4753470621361,38.632558111680304,22.555274385991492,46.7043539567314,0
335.84288585630816,38.468530562680925,21.31249408241474,37.138621101377105,0
326.83941562721617,42.92247187578529,23.36189471376239,45.49443607927592,0
258.8142164555681,31.04991451592396,53.00113005623042,21.762560302251845,1
310.54439701056606,38.46407605150461,25.668550932153043,44.81529406766251,0
240.6532425187557,33.58146635817634,26.197190182888786,31.292552852613117,0
301.4080470618111,40.95237492596741,26.47713207840412,46.941074957955365,0
356.9330105023793,40.10981388339071,23.817301240403445,44.00771780227982,0
271.5632184819304,36.056046996122284,27.775931167946734,35.854527930393914,0
274.97030863525254,33.302349216670066,23.734384801555635,36.60395954973108,0
322.9208934471858,39.80466089304131,27.812464718525106,49.87553571644404,0
253.7159545437106,38.23452261628283,25.88460431227068,41.3380862720246,0
281.01734910344885,31.57779798956909,21.421909691507356,40.46251809632004,0
317.89323412745256,28.361006632602844,23.50398102679893,44.821807195341655,0
280.9714245693179,33.557335496591016,21.43012293425579,41.778985008400305,0
1272.415825917573,42.57706907674105,27.326564265588416,45.50024313888873,1
322.32557130945105,40.73243579366519,24.9505291583952,43.98639985281665,0
312.6463825060968,29.438362651647097,20.543315120100438,39.00002209953178,0
308.00455188886207,29.161212920500393,25.751493763439317,42.444011007193076,0
289.8263316218988,41.37341924839743,23.92567147522336,47.21376660654552,0
311.10183345806865,29.321820476210856,22.032388289933355,45.20959020119313,0
296.2880195970073,37.54647661821004,28.355931673937395,44.590287588040844,0
313.7341682977736,31.919643923318382,25.214571732193157,54.68692120589692,0
285.0920392464607,43.085224622608415,24.413137195373373,48.65518762692768,0
294.5229307686138,31.147876004310607,24.201150438027966,49.262206324106714,0
270.3012662234396,40.71680765102914,21.973441061684454,44.170157961025375,0
298.9497716998129,35.924293270301824,22.390902200831782,46.100725951756374,0
275.66997409113463,36.260974271171435,27.569833569750166,42.84450005237154,0
266.5786064951402,25.148457093242992,24.052234260428563,48.88774882762064,0
307.7598344356616,23.985433233971406,25.044135401873728,44.448000479504785,0
306.38219327572983,33.89717029866343,20.91133904759785,46.11188874465278,0
323.48621204845716,36.234530317083056,22.36381592840899,45.80305651077584,0
287.066232912747,29.374010861311383,26.219625039749506,44.90916559297273,0
312.2415854051027,29.55653294761829,25.755423520227666,59.69094033577885,0
316.5239271682099,37.807363149130666,28.50675039744863,41.66690361252639,0
313.3432142349478,37.81427240228565,27.685912663262453,41.62144234920654,0
275.2303895159357,34.311294698060365,24.538578055030353,48.47048373405878,0
304.4809044681357,38.90100860593037,25.94590712942654,42.024155004624106,0
310.92420888163986,29.12898852139927,24.366793114193854,43.54296819325553,0
300.21535400723826,33.220325414565146,29.109619637277298,39.56794523322191,0
237.40567024886747,43.23938802891837,27.298029392104798,47.45778959701293,0
304.8146887192044,35.34161064969909,25.339370181715502,47.521286222420756,0
366.3759311819173,35.631562572935,25.400789569752703,43.42403970038278,0
289.1988219372905,46.5297329298387,27.889700574519615,48.574083442400365,0
278.1576870643404,28.003289170756148,26.159155694227696,35.70937493133204,0
311.20045679134194,38.98215183321055,28.117256034140173,41.46573299242828,0
309.37134631399715,43.3199313990405,20.612704147482255,44.150104068945346,0
335.78205496249245,33.37571036750727,25.922456522997596,39.138587515485234,0
262.26395532273335,39.29815393427423,23.96913027063723,36.25643481290639,0
321.9414075772498,30.089902513945475,94.82470170751067,15.88028516749738,1
317.7126618375439,31.566338022163244,28.092797374379657,48.470100435303706,0
295.7356038917836,36.92483208023817,25.065671618202614,51.41054195713256,0
310.1606195376507,38.992833365552954,28.071261957622063,42.26356058397314,0
330.8837244479507,40.60468256203123,28.56622903998501,48.666079188107965,0
326.1694614008535,42.848142934697464,25.148813343852293,48.18271019037834,0
265.7094206377881,34.66276720722409,29.943867544863714,51.093040871672486,0
324.60474560266454,40.968058775862936,24.937317694660557,43.24904484822999,0
298.05934184902446,33.288475782754254,24.57095809932818,36.007497524076626,0
302.1862229404654,39.51045655794134,26.731745177168687,45.35092926211372,0
302.1959097300508,36.03744398926091,24.29241853771537,39.931031295151385,0
295.4927103360522,37.22838953540962,25.17067955158979,41.38247445468996,0
335.75122491321196,37.11753937011019,27.81886884810182,43.49390427973409,0
297.4884612045236,26.97647495101094,25.03843770443454,43.30536184325428,0
266.41361614850496,29.37939070569613,21.609964414049387,45.70779633447897,0
288.19410432090814,35.512707199087615,25.734638775698393,48.515781582098086,0
305.3608415043143,26.563604601794157,23.60741284189521,43.16132208362017,0
336.8764435289115,39.15605551599878,26.73054231458909,46.978487533040024,0
318.092840548465,39.35777983144071,26.39237943165249,45.07408004965253,0
274.48394163758866,36.63585276438895,27.942800696333045,49.67747197939222,0
374.55569750036676,29.39432993621039,26.815064601585394,44.05704074446842,0
307.9432593293394,41.900694694342576,27.18048856731613,44.605366621127224,0
338.26172213997046,45.186053198591786,23.661806479724575,43.127997760005464,0
295.44856699268314,35.73538413722987,26.607972991781004,44.18875730020752,0
316.0007773411635,37.55267689225618,86.4408516387665,18.69391297646903,1
325.1840551355521,36.00869327398022,23.622700182726465,40.58701356928243,0
336.5458413526277,37.651845944993994,28.599476583454198,48.87882692641362,0
331.72104916134674,34.40220621686802,23.90129981759734,39.58399158407699,0
326.1659100021893,34.827178800780985,23.296057509900052,43.40440955151048,0
290.5473980641767,39.52858800248683,25.592400886709676,50.07671393135498,0
282.8476187413182,46.728120809482206,26.431820832257618,43.23649602498197,0
309.97822530972593,27.999643827991306,26.82350024794453,49.14370226842787,0
327.9938421702321,34.480937577985166,23.076475158453597,42.04477139636579,0
293.3183789767018,29.09769757383959,25.86908019450858,39.74418196824903,0
331.9551589714316,42.96012449288042,23.62889085703299,37.0258707254959,0
343.5785023645854,32.061310153400505,22.022155487858846,51.56362034636331,0
272.5103724277974,27.78399603107103,23.14252736893443,39.31564409182792,0
274.8923788861116,38.190934994242866,23.498199268088364,48.73593295062547,0
295.7887482328399,43.721555573715555,26.043190320705015,40.00026486603309,0
309.22838004567586,38.31798934280381,27.304427326137336,51.58691958969911,0
284.26298958698845,558.5829733276356,22.053586740249468,56.0339136230755,1
340.5660803660143,37.04570461387997,25.703922148416112,36.567349701548316,0
312.72200584555355,42.07420331412777,22.646603628458188,39.57621782920593,0
301.18341144722217,30.62900364992925,26.258170818028,48.865659319016125,0
256.9227142839442,34.440764479568436,23.754538837992506,47.565214616829074,0
260.5255255071748,32.73654925745233,22.89734196395344,48.884609273800955,0
308.4302775084542,29.16067346354145,26.59932903069515,42.13122224797812,0
236.0221312153549,33.35812370291599,23.82615478910981,54.93767080511684,0
330.37912228932214,40.53860547991224,24.368072097294604,45.59024733344887,0
295.2553846688304,37.833010741963626,20.560021824887247,38.9151871157824,0
397.292789087842,38.221552500541,26.893102722846947,43.73425749978527,0
369.2374875184833,35.73237805826659,26.641817042338214,38.98216551885584,0
294.5565279225745,37.616618913642945,25.010915688562626,52.95470679277052,0
296.80988992406054,30.997048288259474,21.944838117288484,41.69834368599942,0
329.8674454200609,33.45245057036385,27.418738356669525,47.46241742372311,0
351.0951782975411,35.960021184843384,23.667473227278418,42.6466342750891,0
250.8591282769195,36.38757929440945,24.093293099798824,41.92306345118743,0
246.4087360393594,36.60093927460937,29.62408811271906,35.44872909359475,0
281.3389558333686,34.30832358991811,23.592727111781542,47.99087301495283,0
317.48212749521593,33.11288299434835,26.484419924853,51.49590626314592,0
314.90620771522794,50.78885641522149,26.124184524165234,40.42016209317424,0
332.0931436495155,39.53393636466199,25.78034438576017,37.27385442500664,0
264.00907414904077,37.065737379763114,25.564001085109023,49.016580213689146,0
230.5156841109337,33.83395750896803,25.752777123778397,36.76879325446875,0
325.7404258590644,32.74390586528062,25.54388118188108,51.09766467974129,0
275.154111811043,34.34599703136522,24.89616328244788,40.478024385226895,0
239.44536406834087,36.464144217933416,28.022566248221484,39.483536285876866,0
304.35191237878144,25.597822279684593,22.374678878401443,46.24231210565646,0
323.7952706465603,27.15305202312658,27.042916208030753,39.80930357494281,0
296.3382860363617,31.815588055305213,26.644684597375104,41.464444593533955,0
286.26454841452534,36.03569718389284,26.396798242658804,46.76990966335503,0
295.2191330356228,33.80363426424074,27.233958855280257,32.85443831416677,0
288.88251712797654,42.390606130497424,24.814801209463216,53.21209622964161,0
259.558586641795,27.588016065021154,21.262051848346246,45.21820066232869,0
278.559579690287,31.243272651983148,24.855414680571027,38.53516993798236,0
315.63839715041445,42.60045870495551,23.01761156475089,39.91377315356579,0
309.650356241295,35.655596623375736,23.536281580283873,49.95823189130401,0
305.0417941790046,39.42421291400579,22.515160652335176,48.00526467537052,0
270.1455455443986,45.256234716347315,24.045310283112332,51.93390328642606,0
294.55490513592997,31.530977910490886,23.8067526120331,41.58628577597882,0
234.68804860671435,34.50342831103984,20.244860340145795,46.482919185754014,0
305.3542999165617,33.63786549534564,26.40044382256458,47.13283955891839,0
342.865731234407,25.22703497758362,29.440643716009763,48.476337501261185,0
255.77603603873683,33.44801598122015,26.21247438699258,50.63640561716035,0
282.4221698004673,39.40531093690333,24.594152086931544,41.41368047077827,0
309.87320336130387,37.702947709061206,24.89050720864757,44.429148661197594,0
337.58527903282453,38.09541584694005,61.56936971939216,15.853392967986839,1
286.5532615109955,33.122455096802504,25.180083167733915,44.73694063321812,0
279.23249012202314,31.719513819971795,24.925983811853534,48.49216391031488,0
240.9323057275175,41.346278359493105,23.317903139203413,36.729822498696485,0
303.1031438792432,32.513414268211655,28.365776777895665,50.54685784729643,0
361.26228120431233,36.47041019396607,22.02569152858046,39.304089378681255,0
308.3207538589403,35.81667340338769,26.436663086388492,43.46314840151384,0
299.3316306244886,42.30858508128559,24.797604745364936,51.21970962483062,0
309.6624693230096,39.8570617883618,28.80166363013149,46.64004858991702,0
299.66723988154195,28.523706896664397,25.68172919849644,46.6976497413183,0
275.6095688321961,29.0622341661248,24.280188925633503,39.096869773524446,0
324.69839747033114,37.89454909034567,24.504585603131005,39.779570320880794,0
306.7728456933526,34.67831176310417,25.079813389039522,49.706281983344596,0
300.5283975580097,32.72414108023118,22.714418610007197,42.05428227257805,0
270.7390191816525,40.07813941997235,23.466260949764177,42.52544063350075,0
339.1052379580428,35.93729691044455,21.430112061616285,49.81975625527356,0
319.9410823599933,35.26228693444722,23.154046203251813,39.75043227315236,0
283.4123748789809,38.899143203775246,25.1878129633209,46.34617566443129,0
330.0547456104581,33.12445502528218,25.60035009856904,45.21453663083846,0
285.0728748484438,42.84259492736277,21.041340610007197,44.98657137068379,0
276.5398952246689,31.05976188383496,24.725576593911597,42.40782184061248,0
277.2089064755914,38.28464533171044,26.126819901644264,42.10072409268336,0
246.86794340735727,42.169164193299224,24.67417561324753,39.608179181025676,0
314.1462714125462,255.62828767201316,23.7324227084444,47.41332513020653,1
245.0656536498495,33.28332412073775,24.17567770990357,41.65925404241632,0
263.14668506202713,40.71103696442779,23.918473290045558,49.843723105836254,0
237.732359727644,40.78622273865513,23.726538881783885,43.87722479204673,0
297.4179092162732,34.142521998058804,25.347647050489698,39.70774755289481,0
295.4903861918438,31.326644531615703,29.6153764554709,43.8109305892579,0
290.1991136044091,39.77967911165381,23.512600166189632,42.94571400431763,0
268.7226691598827,40.91774551290803,24.363714734677146,50.045517058640264,0
264.8329873969008,29.176683257438025,24.89660412124954,43.15499905374234,0
313.9310959063972,28.980431755168098,23.62529113128341,43.61894809399837,0
283.48344204874536,36.126283409917995,27.196471607046853,52.057733527462176,0
309.49074964608434,38.14680316714446,20.25822925338712,47.541336607316744,0
273.44253941627335,33.50465457384973,23.93788165924265,53.313530080017486,0
305.4318822831325,38.39646909991175,26.636627472639923,51.29522502031953,0
339.0983411194819,31.44931696581309,24.411811383222734,40.56418705818573,0
317.5849740117835,24.426532004631323,23.358322082299416,49.94975427200054,0
287.6275854535056,32.88049463833702,25.88151350887753,52.626516460372954,0
307.7159691106778,35.31616073256551,26.812686470794304,52.6640656616171,0
292.7800447640936,33.62080020051772,25.421270890430115,49.94047991788344,0
300.2364055408419,29.206983681702575,23.39755928037423,49.83761497454588,0
290.23166843554486,25.921755120605912,72.20226238899072,21.835764145729836,1
295.0699438234383,32.42955597816051,24.19590139945042,40.813089578252125,0
306.36280059222526,39.48827885824872,26.490373763787655,43.23891340551272,0
270.19923901254145,41.28098719706841,27.96651776971318,36.676054992836185,0
269.52363519030064,40.938566920692274,19.788846488622934,51.713976577108525,0
258.34372338506364,30.920452324257234,25.222134946391265,43.58353520291144,0
251.9918668648887,29.23146838184818,21.528532126104746,51.4566536453248,0
263.4815192333856,37.483173074899476,29.883577170659542,38.842502113892,0
304.7838752041239,38.17550005798962,24.06375093240762,50.41312460501105,0
273.21637453524346,37.00084802600249,26.492746483650745,42.525596709103404,0
315.4084339269329,24.929683628811183,24.929366280810207,38.578152958454126,0
301.04141246257683,30.665577075582668,23.393830838561883,53.135590260798786,0
240.9448735968584,34.85155604857011,23.155893905645147,50.53655834670387,0
319.6492675266507,37.43609097315213,28.17135834620152,46.05896210092892,0
324.3239593677513,38.83653681301244,26.91187612035662,45.16968942567482,0
270.1841197549544,35.7212676114102,28.887168174755125,47.19755009409559,0
312.60574628684975,36.653919032691185,60.78537625734258,16.70982719501223,1
274.30505287772405,35.42432729180552,25.575839242492002,41.038620229142644,0
302.9301113024501,38.428096871092414,24.465616868689423,42.93973865107539,0
262.06504779135105,36.564328257454555,24.425835593769982,54.80358916019352,0
246.2068064239627,35.328688300236436,22.916226135045264,58.36078371314007,0
288.5154843116109,33.6581560043131,25.168020381848702,52.81334252615341,0
296.2881316117549,35.406457125212405,23.421506810227605,47.391119700813114,0
288.0696091915619,37.422956894196375,25.883817844328405,43.31125483649033,0
264.4790832533232,36.33737694449031,25.34002043796042,41.00907053051517,0
288.0030281360659,36.90413209172627,25.575364087351446,41.338587947848985,0
308.078842577422,41.71360930675593,28.350259879380452,42.233661706566195,0
298.6532090963239,36.32581961373294,24.924564100468817,55.75582020712885,0
305.4750309179764,31.755007397634213,26.513454005706855,54.03141148191299,0
279.896543986373,39.418033929970846,29.103018928171164,48.73139194967697,0
335.1515374414848,28.16900831165541,27.613234138590094,40.19693411793587,0
264.7147999033566,29.592933096303565,27.30633939690969,49.465279633555184,0
314.6268089126016,36.67923632360034,24.386623568959,43.806914857446976,0
335.45673278879883,37.58198333893289,25.459286111135594,34.23495280677939,0
314.42724278246686,28.774743882480024,22.363447415940115,46.4355031870063,0
293.9242731880551,33.08591259506625,25.99782880192883,40.790434795829725,0
284.15108860011065,31.969580838901706,25.548920355227683,40.95973285454981,0
331.0826295313877,32.566618385592015,25.046770250312363,43.74796003215996,0
257.3107522421498,39.71798888136473,27.05438957648572,42.50838513528794,0
270.8962721886107,38.53252731773626,22.58445035515121,44.828715904479964,0
288.07326703524836,34.904389100731464,28.269725702320695,44.58834724991398,0
337.12961272535995,32.27019036442536,26.80352937588057,35.62095453576184,0
311.39302908122687,28.251751648899297,24.85873204069605,52.601389944414166,0
270.95862724469265,42.10092469390975,24.70254082436521,40.0831163852566,0
290.69076883845287,37.960569501424594,25.961222430497187,40.23800807434763,0
281.57030567711115,31.466654479634297,28.04170246412756,43.35723374104851,0
278.70633023299393,38.597997488124456,25.20321543738002,44.45832576315353,0
329.36668675670336,34.64888189712687,25.288061803958453,52.2948990841592,0
258.84770612209485,33.564452475688284,25.03623695525174,46.34711726027451,0
348.2634256720312,37.17605764144801,28.564048225402946,47.83232742054767,0
324.84689070553867,31.292508750436376,24.26223379412595,46.37268093791641,0
332.72585011811094,33.28121740244945,24.940984802761857,46.15730791249386,0
286.11181463924225,35.60730532099773,27.92687130852199,46.54864751543504,0
295.50177842762673,32.50274403557393,25.294021667225728,35.33632928715531,0
257.00544556425865,38.34542605133762,27.274117720091045,43.750407575802356,0
284.2601277879959,44.3453325183913,23.177439886194083,50.811305552855785,0
314.8096454292945,31.228509336964287,24.58941495674297,64.71165505403343,0
338.88189185344186,26.67437351847978,27.968868076880458,38.97845533730245,0
266.78529549592645,24.99129916261869,23.64732056847291,47.11539980162176,0
289.034821890442,34.247659292525086,24.697401920460585,42.144767110628294,0
295.46102339302433,31.684177049369087,25.51337046178296,55.23825951948425,0
258.12632393422547,36.0393025053354,23.021690964014027,38.23108619604259,0
317.740477252752,35.662988360130505,24.172379762756204,48.1246974515794,0
278.28029004772173,26.98391576692952,25.22527336365128,37.96394450247905,0
294.1382894646893,25.92558085259297,25.093363468323922,43.40716665969584,0
286.4415188426437,36.479666201730474,27.56070404167427,44.828433346250954,0
276.31984482840977,35.677144173599785,28.082914389664506,50.348458408698036,0
299.78865043558335,32.87091000816724,23.287830255998177,39.61416586920736,0
293.53171264295935,26.714282074338477,25.22253703833498,48.316915244236924,0
288.84426353164,37.35695631382495,26.34849661684953,45.093888616939736,0
278.14615134958973,41.35949772711972,28.032694931598396,46.3639669314299,0
309.5857401234887,36.38991220109461,26.43698059463426,49.79166357342571,0
349.6085180547685,30.762630547174677,25.581826803184665,38.587216534973564,0
304.1966169851738,35.22276082785576,26.33308506396526,49.05297486574296,0
329.88354644733386,28.169429595331575,26.34753766867252,42.15547573455288,0
258.2933422453961,40.289803569193964,23.144571415431262,50.479367274884126,0
304.7328431788131,35.409221672647696,25.385597585012537,46.6727881726894,0
267.078950430868,26.15921544123384,27.918321988377382,43.95235809241472,0
255.69225217404295,33.49662819778159,24.58528646261199,42.04987015454589,0
277.8188577762289,37.316507551171156,25.25889328509489,49.116474971776654,0
335.75698003240717,33.33476189512239,24.514967100947956,51.304758427404636,0
328.50047486008935,33.620521392799134,20.37228100878625,42.33574229569908,0
307.290141661632,28.87798896476364,25.041180354469358,39.33496717109301,0
254.01898320330207,37.83270493540828,25.603583861305747,48.47105521472613,0
294.1115804583619,31.757653999904313,23.975013218238196,37.7573452898315,0
309.0510002670521,24.217773114974836,22.690726102230542,38.47243781208514,0
305.2660868873579,33.14371314664803,23.2387870804367,39.6864986223605,0
244.68619249557761,39.90574857785177,26.528375232271127,42.92274758480625,0
273.29046455940386,33.06535276700026,28.94504954609381,38.31834055392277,0
1821.4395331383034,43.6899249256176,27.764866681810865,35.30600045309211,1
316.0887272855157,37.14483974274258,22.311307990338896,39.322779028314386,0
234.1161653670016,36.69379081140183,26.709254621101405,48.212372232863096,0
295.13628073560426,34.358008670411955,23.67367524838142,38.642279639366166,0
304.29146309636855,34.658568961178545,23.835465874982447,43.29865161022915,0
325.4883596554864,33.68288182440248,24.076048804057432,54.73349231182781,0
320.78572752712313,33.48865303958737,26.41213389971086,44.75412934986455,0
317.4771395642642,37.654335810335745,26.918506752898075,46.712654948647966,0
276.00178479894197,30.320843851047172,24.803937857440424,40.269799908742236,0
242.75993588630078,29.6205308563787,24.837858517983953,55.81737426850071,0
288.208417288158,29.384024745623112,25.928527486471587,42.29352755430786,0
330.0489547562568,45.22827273838577,26.135989079048485,43.85947657774242,0
341.80363582573295,37.6517145083529,27.35245141351706,51.58529338983682,0
321.31647306893353,36.522461008400725,22.431256048981602,44.0913287757319,0
312.88022468405205,29.712426648532844,25.04005467960806,45.23944391337607,0
311.38918945157894,38.11671150337414,22.863951248217646,43.59155839605435,0
283.31643759717656,34.41714326773336,24.898115441873195,43.62583810971386,0
296.0981911933914,36.07084470565875,24.54764942463848,46.85251005414046,0
350.07208577478997,30.11689842068222,24.906501092194596,47.76471594599053,0
271.7232598262437,35.801344287087886,23.400514223778938,41.78375784393717,0
348.44336372129555,32.880832308967584,22.02542041358514,41.169597719265354,0
290.33915536523824,784.1786692684528,20.811124946570196,41.95431955571218,1
339.76296327285235,38.670531679036245,24.73763969147032,37.99372992900116,0
257.79554971507383,27.311460957349986,24.137997788334122,37.04784870740351,0
317.57712603493945,37.82388132157075,23.648124670392345,46.485835736124535,0
277.89689592157134,38.42243066776498,27.64509692566332,49.69297901587556,0
257.5419842422744,30.601781622243795,23.28112362640938,49.35522646572608,0
306.5560212723284,30.898357694337662,27.833668164277604,33.09004363431671,0
330.2841536578791,33.88487159366799,28.247687488538514,43.774674564783695,0
274.6517568421951,36.4101810523111,21.098199066421238,39.489540222037206,0
255.02952118624796,34.23572504092887,25.18476291799794,45.71868718910429,0
297.24465706995136,37.1678123009594,24.200607018328018,42.910882405953096,0
297.37694013668454,43.814898262686995,19.17639211056547,47.95955953122294,0
316.44958882663497,32.46141615425143,22.11071749386317,44.90423454799329,0
1862.9578254584121,26.424100146482896,26.549872214216947,35.519990525410556,1
298.21754456182515,39.12961791515327,29.038398505422528,40.164570636002296,0
355.6650994438279,43.41657287963765,26.805356285398496,45.02892557413327,0
306.72704233605873,36.96384181525562,25.647264945025956,45.45055214615543,0
289.607204819793,29.56125662323166,24.957335236737826,37.97161596147999,0
251.65297922691516,34.380538183823994,28.36532582929623,37.31770148226939,0
292.12021439051495,29.40738257894184,29.29647840391528,45.281226687865896,0
289.9083916376659,38.21427746981474,23.82631464095163,37.98166346974736,0
328.8091438884441,28.243547986507828,21.00002687937942,36.65685286749607,0
313.8745087220056,33.499356065859,20.803625073457596,42.77429743684329,0
264.61892635102146,29.978310868530468,27.643761984319603,42.55776954330675,0
305.16763159233113,35.63412342567481,24.905882918451226,40.607997613303496,0
320.1459351518716,33.168291614311215,25.366483820917438,41.48131521637519,0
1791.4564543407362,35.883810516251316,21.418698014086573,45.06917861611198,1
326.62511902242176,35.11175277483183,23.493622174423066,41.3991854816009,0
322.82539962934436,30.06670486137945,24.409038372198435,45.3534851083242,0
301.8025798384549,38.13438531764511,25.41567676672814,43.09765731941333,0
311.6493601627035,34.756171740784424,24.202815922172483,45.83825077693328,0
337.4851470211848,30.057354960670498,22.925347603397313,49.39102782718322,0
260.0166780756105,46.20463278102896,23.430866014794955,49.196239226952976,0
289.51682018349135,37.38215083358563,27.416646571894464,51.44105235533041,0
276.8229375373128,34.233697233003475,25.489569239207,49.1907344844858,0
311.37459356178374,42.07602263350912,26.224313613911104,46.19278765770902,0
336.9066652695236,44.20907804693304,23.20225237824534,42.83284181179928,0
282.0907713983678,34.27325288843058,19.09235302919875,43.06119538591888,0
228.29086897591685,36.736987432173805,77.63659352947695,13.579745353492806,1
287.63337764926587,30.059985909985297,23.266858891149006,45.02264645525779,0
327.4042119605222,34.26403624615994,25.69802453725616,48.48693739355967,0
316.1288970884964,34.00468723120065,31.571447427363683,41.3716619855849,0
312.8455874343173,35.92413516810827,26.39033203523651,44.81391070668113,0
291.6002009437656,36.66380239318505,30.471920318766976,41.613188856391155,0
261.62907791340643,37.7991422441403,26.137539390678896,46.04677165093808,0
315.458829648734,36.1882132814998,23.74022752485457,42.25308308025025,0
274.9715456989613,28.946286866854177,25.695832156241767,41.30244714352973,0
365.5229020014137,30.307664471294576,28.561277198955416,41.60016652533987,0
317.11521625063546,32.267961902681634,28.659125192642477,47.516643869227835,0
282.58055092338145,33.58879704038385,23.84932526391384,44.51625297334822,0
281.6584425783412,40.25387145236057,25.506367391398598,42.85789134999982,0
297.2116738015923,29.185305065735434,22.14146624065771,46.307022512736054,0
292.8149423393475,33.2129247591465,26.64933724938286,42.92741891266175,0
333.50501326589864,39.76504749107025,28.10670939811179,50.63258946842851,0
305.5924850923214,33.50061262751694,25.079598908232033,40.130669231533716,0
278.05104783274413,37.30207824921412,23.665231891279745,44.06514243591359,0
356.71322055467346,34.30228978536048,25.720261902555126,37.976173891665,0
301.4792499456067,36.283916286623615,25.83491806272633,43.26562804054953,0
323.06519027906694,33.8576372809523,25.16228766369924,36.60182251146685,0
281.75320477665724,38.33532736364177,25.357430248671907,48.731582612795634,0
310.8934688323357,27.274717962967824,24.652370299061257,48.8325188350279,0
309.33329973429585,33.18343995805728,26.99190985645281,48.92085086862238,0
243.3105212371154,36.48286338347154,26.472454890330255,45.14436240087234,0
360.4582533138192,37.66847624003096,23.0337937057117,40.60064797644954,0
338.7193338276764,42.46476311376914,22.978818793682812,40.99829683982025,0
288.0841405156204,33.04487666567212,24.491251165946878,52.650860276102605,0
266.93190778632436,42.397408809304366,26.473674248210358,52.17838551899898,0
310.4268484141066,31.704880866701647,25.29611482778163,45.61277578475386,0
302.6009309824319,41.64323205772322,23.71369917975469,42.421829829598366,0
310.6700684568969,39.08733563349186,25.52303719345166,51.84311711349255,0
305.7473218858227,30.432707101838886,24.338378960955456,41.52748419307595,0
315.1872296791778,36.53519618625911,26.760972920448264,46.14424604047954,0
343.4191709817542,34.74382082233904,25.666116870134093,51.75978652699229,0
317.0430961538594,38.127922968375,24.369443625095712,40.81830750167686,0
268.5103350327018,33.883642057833455,25.463037544092924,49.14611792818556,0
340.87688558137353,33.46376887169134,27.630096119048403,47.60280397921935,0
349.2184369046486,41.845472913814255,23.860739846907244,44.80241728884219,0
394.56170203536254,34.50639552772164,25.80531396329432,40.03283200433442,0
266.29517900281206,39.13211162095883,24.85907931906801,41.37780119948362,0
307.28646039450825,33.873242574779,25.8539673677242,46.447255364253294,0
237.53703890433036,43.33331629613762,23.69087011680854,37.88331602559307,0
1924.0170443095842,31.608326853322534,25.220670866318752,45.65371929509125,1
283.5539910549968,31.929282343764076,67.39335663015643,23.051999250681686,1
357.7033738447486,42.62258590557951,23.125986037507786,49.9261008640455,0
276.76155089944257,32.77526804552374,22.341189793349837,38.00821462769889,0
249.32450886098215,43.00537153082196,22.41708887102607,51.58123648580637,0
285.86208777892443,39.459202897974066,22.65867493959962,53.476817470899675,0
240.73536686348586,34.22675146719583,26.19064657578533,47.05075783856797,0
322.5329836352193,25.93353263991421,22.18828062826907,39.809757092876694,0
238.0475086123104,34.90340847864082,24.40420931051294,43.359453558198794,0
300.85372743549476,35.508150267667126,26.236578606621414,44.762013774407464,0
237.6656454043141,40.83608866652187,25.833318121097186,46.35231754365278,0
290.39106586390074,42.94223588120056,24.228882040075028,45.10990776321801,0
349.30134467413603,31.57506410428126,25.381847463510212,46.40582571447308,0
310.8194367430738,39.00590881994091,25.214290659475136,44.546266213304385,0
274.095191851052,38.82701078006675,24.551518088903627,46.325535472561214,0
299.0638953318275,40.367063512052226,24.57833056269084,42.69738289419343,0
300.5405061613334,37.493449560677725,29.47085486951392,43.309066415087656,0
314.17891037530217,25.28751154519115,26.618621807862603,42.11987414761666,0
258.9942491015752,34.2228878373612,29.961301835024287,54.58629767252036,0
317.7770182154199,29.221462125415425,24.006073734158996,52.31950393087161,0
218.86825105191676,33.98697113540963,24.830066806223705,47.77647095006808,0
281.1034634290857,39.90002118066947,22.335748469446706,51.62654498633869,0
285.3517847264537,36.525754179374864,23.380866395820856,48.992306694889415,0
318.9998047821372,40.740454331987166,28.803826297325003,45.90635579757028,0
300.6789255803061,36.708769603567696,23.95593142031649,37.472143294901585,0
257.8331083843114,28.508370301655486,28.838562600288917,43.6891803993743,0
270.4502062254895,22.395764967136326,22.513275478640217,43.32481053990824,0
305.9604002864222,35.744043808397954,22.893061931853445,39.33462413453922,0
297.6279797440633,33.93036766824417,24.31753755795316,37.56918862696692,0
282.6262767109276,30.11527130309059,24.872500156641646,47.46359673283513,0
285.5749863146406,26.49686375174311,26.846174584900258,46.62252161185406,0
320.88503991477864,31.326283932636453,25.901540834372533,39.16301509966194,0
284.4692228139236,34.02754257567612,24.167369485311944,41.270607467819055,0
297.3572626791278,38.32938911853195,24.733368386963786,50.80611136577082,0
365.0980976424163,35.9431554078399,24.3618741604306,40.611517432417195,0
257.2895208934823,43.04033623586365,23.17069252934854,45.853994519669016,0
244.44471805276024,29.82197971977303,23.224074126796758,44.0511085021601,0
323.5076899439582,39.405294460287166,27.05576778286682,47.53181735531032,0
279.6407081611769,35.23649371564364,21.343670144145722,40.71946173671785,0
290.4528741677214,38.47334562059292,28.234717394890108,45.45041738770053,0
276.5653086560666,32.81742568367228,24.314011548795534,45.84361288672939,0
292.20599577697465,40.35840186945295,23.45498278721568,46.1509040311461,0
347.95614336289026,36.476123791726216,26.479518581394537,45.39536928981307,0
324.0638537585436,31.60277507541125,27.970433168294235,46.72304660297055,0
325.8667053566093,34.93987985543406,27.235264883207915,55.958851660254055,0
257.51318832622064,33.802220705314504,26.00370409871978,57.80648888385553,0
265.4653879034139,37.44589175318897,27.17372697944367,41.80391929606639,0
214.82764021543719,29.101116253127458,21.56700484571227,33.40878509823751,0
275.71857536751736,34.85324148942153,83.38909495151037,15.363921657979201,1
328.70109559156975,36.97653626324666,23.177659879950312,45.93126229950633,0
315.5083954724511,35.16511653596517,27.449277462430352,50.305209295917905,0
293.3546021114363,41.73470622194498,24.233043962152227,46.424429498576586,0
299.3309914884584,38.87011387035526,26.69081311356411,45.293019697628594,0
279.3334337227378,34.96259601629627,26.071713884977274,50.64453297938611,0
306.14276647205355,36.08344548748837,23.27538612767264,51.343902942069214,0
322.97634838441843,36.47832775741,23.82608358004743,38.06719970609501,0
251.52339637768583,37.01649802083412,27.58763538162945,40.91696906430208,0
1126.4463878978747,25.87171002167696,23.449034702631174,44.47203520355661,1
327.97304612864,33.49236852115327,25.249735220390956,45.49218811962292,0
287.5469913310989,27.57780465903287,23.43491742734711,43.87008398323876,0
321.0210183636175,41.391404737297435,24.372095626168278,47.17103588930943,0
384.43963333417656,34.69575239998536,24.907676112060056,49.9805239465855,0
296.8697162103932,34.033295251601885,23.434266979405017,53.61354855360364,0
311.79921150015974,39.483986660166174,23.079106092032237,47.8945651188645,0
277.85828749015826,37.111623987249374,25.572546673554886,40.73833160773445,0
305.4375348780615,29.356827428103966,23.31052518241765,44.26311887401091,0
313.8081487494691,34.64547318736316,51.03065794179324,17.614732445264497,1
305.8452702081041,33.32416513386808,23.12189371259606,47.573201199905796,0
269.4091404087343,26.27733555696973,24.844183907337364,46.94084016716971,0
306.19085313976353,31.548618833813975,26.887403268799684,55.25198325555755,0
343.8658781615291,34.082298389917675,28.013057272624533,42.69243432372546,0
313.4590729354358,34.425245342540784,23.54816382801244,46.92375266883402,0
328.85961567215526,27.588842881613456,29.300621586662423,56.77355698872046,0
292.88964089962116,40.75832791523738,22.99059027858641,42.073965515481994,0
322.4970071827113,34.48948470554281,27.16709704665574,45.725743480851776,0
308.3780351464958,35.18776538330282,23.556607091969116,40.27559749437992,0
271.472678109383,37.00320819169918,23.25815346025998,45.41043449813716,0
309.55563014396625,31.059618730481645,23.510487686431222,41.09891425931179,0
270.2491000967907,37.28177986566348,24.89510460070176,50.23400451745673,0
281.01359175345624,33.164626769909084,26.15994434206722,45.736594295156976,0
305.6798492187712,30.51707229676404,26.339736075809643,40.32301370008853,0
308.91732820140373,37.867237466777,23.112029969304224,49.202838488958356,0
264.32302604768614,42.45836929400904,23.02068142497746,45.89833019435794,0
331.6195731354863,38.62414686742916,23.166722613272906,49.76409388611727,0
317.16018834901416,39.614887825702155,24.777291195228976,39.26168686026126,0
278.8581469316735,32.3968469671885,24.57968879161825,46.844122061243304,0
253.87245610652474,27.011901354157718,23.09964907586041,48.86670847322355,0
295.65286262755706,42.45068761049921,25.53920738812649,42.883112548821316,0
286.6216885841652,201.64561658284984,29.525137616670637,38.70498636515924,1
303.3942137115907,42.71403386884841,23.9905690763297,44.79196252314803,0
1109.9332964043374,33.32107030510125,24.132976357592934,51.14057646890464,1
239.7762941776497,29.226828306355777,26.11932314064874,50.629651653170285,0
288.3495918509653,29.671586510902166,23.88236741652641,42.857857826222116,0
290.8314266679506,26.581337161929756,26.337928963436365,38.58457281811779,0
319.00983074322176,34.46310690794977,23.56291458644192,42.844101398252135,0
279.0540097616685,43.02838979041227,28.664239215154602,42.657611746340436,0
350.36024020117696,34.29168684063878,25.689549945184588,47.23223391652389,0
242.65078348044727,36.51161450174137,23.759954101846578,44.47499248547939,0
339.3350249340787,41.87798482152104,23.82261660106145,41.23367894131429,0
293.27043087365684,32.979523440838,23.97240049458393,50.52131533630334,0
325.7875461703067,45.17765728359797,27.745499332497747,45.70212933722417,0
302.394044521762,44.960472037487264,22.462497984797434,47.17707826365471,0
334.1866660807641,34.34444330659759,23.664116659080992,36.375072829343665,0
288.37914106341566,693.3404823440161,23.876678886149147,32.87867564651357,1
267.04138724466566,38.48619023195157,24.968624066486125,37.81227109277796,0
342.6151286181319,33.26237528740571,24.45778061470641,42.59728287196612,0
296.59558062353574,29.217223914663318,22.017544337219075,47.88178008806904,0
306.64675420872635,41.4061932676149,24.200354632809066,33.28876564796351,0
337.0425574213439,41.0822369363854,24.800898633630062,52.96426032185994,0
269.04134273716693,35.77755801881781,23.743804329840433,45.85283013385063,0
317.8647269291777,28.68567623135911,26.37355097809533,51.80147496474955,0
282.3031573061133,28.85236874391307,26.838816857507293,40.57014958762936,0
296.03491933066886,35.53614644209576,24.843226600541215,47.51929967086245,0
302.16836896152864,32.50064482747484,25.461083173701457,45.425979649853936,0
254.99334415659192,33.29453533929196,20.677888005301458,49.08843156527277,0
276.634888715387,40.109815775300014,24.157794455676335,43.831043162001414,0
340.5321867723942,38.66589658711279,27.009643383515826,47.36607604503794,0
326.58573565754386,41.89071340248807,24.153126833641444,50.510976593856,0
298.12081268018295,30.04688388311371,23.525476647216077,41.74411853054112,0
307.2937037553868,33.28404215656644,29.55537785206186,46.21122116244825,0
291.17272483090625,38.79490847730057,28.63815438039161,35.560688813888255,0
340.69750157483946,37.24039170506446,25.935149824964313,48.512515095316786,0
293.9894226661751,42.661901912938106,27.277821222960096,54.77331271731245,0
306.9552627640454,37.10268352952035,20.548129164083846,38.777819761256524,0
334.38090432426196,44.24054552052776,23.424897118742585,44.543093697860286,0
276.6788554546228,37.700089008615706,24.0600842536537,49.40240650457057,0
346.76367553490684,40.3108372379433,24.528039802266107,45.15708736733275,0
1516.1560316155112,33.38242526607772,24.020111958052073,45.82549775746613,1
348.889263933384,35.071436059419945,19.899947416967308,43.04500279238181,0
288.8197324814408,39.55472201919738,25.772049237417118,42.85923873456043,0
292.71903756524154,43.06489085296527,26.087308256561215,44.56652923207311,0
243.2996948645117,38.646184746553764,28.203797583179963,45.20835711069678,0
286.3561584786692,34.5841411403269,23.423381470450074,39.09279369211345,0
268.80580406919347,41.88667514764171,23.259673684440195,44.66989007026986,0
281.7706096387958,24.04010671860059,19.640031028071064,52.84266969354663,0
295.88067102633363,27.88882749246563,24.41286632681823,42.904331032055474,0
328.7337484341872,38.40817111834195,26.802223562124343,38.813725085626864,0
306.22810054201875,35.070541781265625,23.77646427561456,44.24291966006787,0
309.2302996020334,38.02756825562083,29.286889637087295,41.42693593937852,0
267.13441833463315,35.32203761215971,24.486810328420955,38.308290873390305,0
273.5773773119181,37.854728473019364,25.293984568577113,45.6958423086631,0
353.96175055053936,30.92798589503405,22.273793838836813,41.44858981424461,0
277.9439689571026,37.85243043039846,25.57444069035056,41.876429165733626,0
349.68624756171886,39.972072641037926,21.041360410294608,45.767136901926946,0
292.708164033574,41.10275301965616,50.163546266562506,15.00401768746288,1
300.0686380843051,45.067771473243496,26.448856352470823,36.292151748744374,0
332.1109548068979,36.22049221751193,27.71858284867302,48.35436097250966,0
338.1567726581597,36.36955543423589,22.96006256246462,35.34583199637959,0
296.6756231916274,27.38413767913076,25.321124236594837,40.11661152346323,0
288.35270839435384,32.342942994307876,26.12763311877301,36.00080232305781,0
298.3223865443336,34.03458962996694,25.88456327666062,42.56931766575584,0
310.13872584696355,40.251597761381774,23.269401449730296,47.14029373825583,0
326.73911060609265,31.944994379551854,20.21603622088772,45.56168974366188,0
300.12689576982456,38.98170009874416,25.69392059376896,56.95936694728642,0
318.5665889406946,34.9918914151831,24.695000643380162,50.434578088945,0
349.1507919681282,34.11415942442619,23.86665881407712,40.34421074921699,0
311.43928836794356,36.24446984566628,26.527890727430933,39.01472497586795,0
309.3495856801434,33.044218138735786,24.910160923691134,58.53343970487751,0
254.43267524729796,32.854813759536675,22.3616098944644,50.31286002866681,0
221.0780958951281,26.47607047104943,21.137095421807558,47.94684803634786,0
311.65127187690507,33.760228963360554,22.74207346973367,45.37425906107809,0
297.15527306157384,32.600159269256366,29.786024589533575,46.36760783737508,0
284.55651975255773,32.4200950532546,26.445553547865547,37.58963362258787,0
307.30590612559035,37.084365312950204,25.377224683950022,45.78519585098384,0
298.18788812409275,38.293159763952545,24.63667814562839,45.35615698729507,0
333.83340751901693,36.16097252321164,24.50521412010513,40.4793057844926,0
302.58332604776933,39.977075952247375,27.33439196671819,42.30736773215761,0
277.59230144789495,37.87780962915183,24.018808516193136,52.57588196721778,0
329.70498716877864,33.52471905097179,26.153840821368586,44.374125398525685,0
293.4860677516139,32.6857185714281,24.303144099416812,55.355856512665554,0
315.7961005101692,36.564111183834235,28.880313263670125,36.296602817563084,0
285.677678814216,37.868835549509505,26.484577015156606,42.38934906887126,0
280.50519343507693,41.98922153515749,27.491113629367252,37.26360724376541,0
302.5250469055709,40.955865224700474,23.831180450623524,38.95288773054083,0
300.38485930631055,32.29263496746415,27.116272225134843,40.85897147170351,0
314.394811061005,238.97800497850952,24.374845149210618,46.57654813385295,1
291.94062740070774,38.35508902458885,25.2200696478657,46.33413085540194,0
244.90920648688808,40.33998889029486,28.270095341238918,41.60354840186197,0
287.01678349234834,39.69484734352396,22.914449886487162,33.86100221331709,0
323.81455401431447,34.68061083584327,25.4064954626108,52.388464365160765,0
291.0787176227068,28.729886737857417,25.876010517037454,43.57117641981822,0
292.60849792456355,30.005318118772042,26.04000876160162,39.41854914849431,0
329.5912951771781,36.363167571597074,24.09843101381307,46.374653905350435,0
278.64080318223233,36.71112789712173,29.172528201616164,46.02222585261587,0
253.715903452713,29.506603132828076,22.41013622931948,43.386617675000174,0
295.18106641423515,35.22284805444636,27.917770777264938,45.74265507820753,0
285.47478146253786,38.15612178485892,27.430131211183276,39.22485079795991,0
271.0126104074024,29.243866712464282,28.801777579207368,48.79956421588242,0
294.7386463230393,40.52498600902207,21.82354580258436,40.01566452621565,0
314.74516941740353,33.112344257200874,23.262337024220578,41.97215172348284,0
299.7213431529655,41.288065562883254,27.98388611832328,48.24400908075788,0
309.20943218058716,32.3327377711205,21.245921690739383,51.01979482505117,0
354.4022309554627,29.866872585579106,21.787082197919172,52.92887284023169,0
289.71363415327306,32.7093150507914,57.11744853275849,15.976533686645219,1
308.3504590393401,34.5242593846134,25.383987577244536,43.37963908099109,0
284.723599122026,33.057600466142596,28.18445014729755,37.294834654497684,0
274.6092084033908,33.91999289213443,24.629468170139283,52.02527792801447,0
282.4527703974669,36.66982574838095,23.78352170387092,51.85347994452488,0
285.6372428543493,34.144103151018,25.622779875392855,41.64011923323252,0
310.7842739264138,34.66943803023997,25.939192966588802,49.6059451891228,0
370.4722736010227,26.45386800398702,25.882479644340542,43.33911103034631,0
278.5186969117248,36.958490080052364,24.64402758409731,52.50638441755864,0
287.5012408315361,34.55398351154166,21.0898277721637,42.42567668798109,0
298.10630960666253,43.05146490241435,23.164768021787335,54.893256437742515,0
311.8739654612924,30.30217416373021,27.840542170534924,48.93060273799123,0
307.90652435864354,25.95852335750243,25.3741378759532,53.987724223429936,0
338.52287381844354,38.09034246965021,24.354955761785888,42.681013651750604,0
227.20823788394375,36.732635091565,27.23633709674795,47.02514802222097,0
228.39210389412983,29.95783489734427,22.7397667352621,40.15360400827817,0
285.1236548396955,27.351255224979543,24.549303732573986,49.21994626059598,0
332.9190056263113,42.68698365342145,25.275516810348073,49.49520766418562,0
253.0305590518321,42.070551953033906,24.117244993410743,56.98511959100593,0
209.7710298091873,22.562716206469354,25.201525645803198,47.410198986098244,0
317.13538218657624,32.70888485371749,24.62461213715647,48.620471012530466,0
307.3097167110814,43.320960273919496,22.20131390442825,42.64584811748109,0
267.2937477960171,32.619687211110666,25.362955763758112,47.70689686317619,0
270.4338119783721,32.54693882986674,22.343296416974265,43.100543956562085,0
270.9076884109598,33.58620336185316,25.331230250193446,45.57930379421,0
303.3160595242182,29.395515131159204,27.748271648300218,45.87257830772898,0
281.2105417145098,26.47612127885978,24.43795360544789,43.23847563325415,0
314.82191756926557,40.26273655367375,22.657033740058026,45.31472548270997,0
214.36120011286826,25.78531546876162,24.74602437359004,43.123524151432896,0
274.294444046166,36.23635726054378,23.336057783842936,43.1013443748308,0
266.2183811726685,39.43289746378825,26.189018005262938,50.38332325751136,0
292.3097796488252,27.74386850549421,24.704022504954292,45.877068209132055,0
283.85856724529583,30.378657987024642,28.419526503329145,46.735331361001386,0
323.93531339687297,41.06589594195795,27.325979191354676,37.71347615507232,0
244.21989685019827,37.6644586011352,24.693838991037193,47.11729165915195,0
301.36474428992256,31.913571465605564,26.43121813594618,47.65211731987619,0
316.75009269635115,41.01124501680586,24.21352718167431,43.008306886556234,0
355.69942309685865,41.032678617271515,25.067913770330335,55.42514838130346,0
285.5470208671957,36.34526346507854,24.277131607299374,33.553863679079676,0
309.7337581305755,30.499198860631683,26.532911919699416,48.92183567885273,0
245.88411622312904,32.932756482641025,27.865976553419156,48.56402402477431,0
228.24131387060928,36.43193371977695,26.597296414382285,47.70791465999706,0
325.343231273451,34.05702585426256,26.843873202570713,45.88106352819312,0
299.8331911905579,39.694785891174256,26.846066874471457,47.75339661312519,0
335.35538069395267,27.35112959945332,26.10251184466942,49.34087739777947,0
258.79791333090753,27.528682354668806,22.721427681579463,41.37056208084003,0
315.59706418586256,35.90435555741216,28.401943038833,46.495978110900445,0
356.0645352163156,32.542277930965476,28.60882165339685,44.08341578988348,0
312.591168250718,31.864756926511294,24.532240793373262,39.53115799887246,0
308.29744516773144,26.159716404128012,24.258604169567636,48.58584987306645,0
300.2566824247305,35.09772922399091,26.22482330583075,42.17819787657983,0
252.87355628622262,34.73622445999617,26.10162567036701,37.51070662610267,0
340.6671880713104,38.26739490975871,24.596107862493962,42.30444669649175,0
281.67427080584804,35.34453066560486,22.49994868882479,41.005505509534345,0
315.1344976914905,34.33697960879751,25.611402381499556,50.14239504595055,0
253.1089708028624,40.88500318395169,26.10287307635109,45.76596570279039,0
264.61621006476656,28.43766348275725,26.451642296077594,51.9119137284497,0
343.05262197666707,37.68194609423788,25.698585544708415,41.667218843834775,0
289.5809313312647,26.644264176023256,24.45776970327618,49.3708493594825,0
343.59826428127633,30.80819059999596,26.988004079012555,59.198114574039565,0
297.65308022824445,28.93671433688343,25.131696995131836,46.7801623356357,0
244.74306681126427,38.90971267725959,24.07015397127056,49.308244311615766,0
326.76202799195164,34.67294883202303,24.63869323590856,48.46758832112703,0
282.3032304673318,34.93248377703512,21.508061935050037,37.889623362870864,0
320.9606644055113,29.466335061352744,24.635516351642924,47.92908648733725,0
300.7563260262025,33.50153252033555,26.376873039749338,46.532281603247846,0
253.7064531617139,31.18267348345444,25.67956604427846,43.701263083008456,0
304.9288429611171,36.91727507427108,28.041328345962373,40.579818128975596,0
365.886694264584,30.04454432334193,24.474050171968592,48.469916201635186,0
314.78959375543377,41.64897182602538,25.97462632610663,40.137981301946894,0
298.2744674098361,26.62209775187953,26.585480352611544,55.66822802340948,0
332.26030205870694,30.967400837717193,29.685714016574817,45.570845417440644,0
306.3200539560933,43.38600254983048,25.28953098223528,38.88346476106748,0
306.2860269078838,32.82430626018983,22.911625642271954,42.4300186083583,0
267.25124483522694,28.42560667797794,26.695857506710563,43.609328308550914,0
307.01544077368794,36.09535781268834,28.731454711936912,57.06188326961923,0
331.06330249250834,32.62303878892729,24.354902579546756,40.57705526595252,0
274.91813543699925,30.820648721908473,26.68216307721283,44.418913683743064,0
342.73487463740844,29.520645946006415,27.45745611045784,42.31085815067489,0
297.2488192756462,48.84186802812972,27.034131087940306,47.49629242790832,0
273.36691465384376,33.742240499079315,25.251117044947154,42.39058293147478,0
329.9289623076073,25.372163198335613,23.60305248357371,39.30471666930145,0
291.3961729278519,42.46854879502767,24.83744090397283,44.023527101019006,0
322.78544662458324,38.05535452555286,25.917200907755262,43.50303078333879,0
291.2472410322439,31.16766784490106,26.816445048183457,42.038778111879935,0
298.2052156941029,30.334404556569293,25.66789009599808,42.30594820551441,0
314.80680613002875,38.367363980791154,24.240184066918847,50.92347898940501,0
308.72691172770016,33.765408362552726,26.11075931229954,43.40129892866248,0
240.13404658644785,25.370110907774492,26.720170135485642,39.329361687607836,0
266.36268779716823,43.936199823023344,25.75922011282896,42.68942018100072,0
327.88229954372446,32.83004768892022,23.32762577092335,45.271678297326964,0
296.0359023329536,42.47785868241213,24.63718793056562,38.31865181724323,0
284.2880609168573,41.39217478982857,26.895641552824934,53.12988980003199,0
259.2427795422758,29.99495227758593,22.233964382511054,49.33789738753136,0
267.6079103617245,40.16594932181574,20.81364395521768,52.150863718093895,0
239.34604080114158,31.742787250681594,28.01616570028804,46.960640627438416,0
296.961578438954,397.7580980319183,26.02283051004376,34.531512749349496,1
282.0468725825686,32.877009169889284,26.21346000504021,52.676668583192566,0
271.0023632704405,36.988187508881396,22.84636605274589,40.682158201450534,0
935.1837041213792,32.686316760018315,26.475056126933076,41.0890662799895,1
310.91911892558215,33.464758295374494,25.55049737513673,45.78162571977722,0
362.79593796629837,40.717830224643066,21.831344844303207,51.891149233350745,0
254.6434974131036,35.53246990145046,27.848566828547714,50.266435669762,0
334.78143129901565,30.783508443575236,25.317366647237456,49.531405600880106,0
329.19304683045215,38.510151618336636,24.207832067841462,43.44086473562724,0
276.62721781869897,35.98837783477123,24.244020508029564,43.36196236953944,0
306.0970786375809,22.391975992689787,20.969556189135247,46.72971833990033,0
286.27100251987156,37.14176456885724,26.186673199262728,44.34964579358234,0
305.5706574125622,36.959143538580506,25.52371441449145,49.44658953664677,0
345.2739304021365,35.1006056479043,24.61183973533381,49.15058832247613,0
318.1681869789394,39.45850290534788,27.556970414903343,47.95670660586353,0
315.25825119700323,31.638032078367488,22.232281962008308,32.370193591153104,0
287.0907204013607,36.6824989441045,23.80645504726477,45.63994181838632,0
255.47830005226996,27.165203144163236,23.299983490479228,44.455730596336494,0
293.7459536837878,37.03545191699416,24.442410040456895,45.840128008797656,0
336.19824464591744,44.76529847769948,25.134940050514444,41.22837680726796,0
254.18496430231056,30.025718237662293,25.860027047622708,38.37607044800387,0
268.3473189546992,31.200989340061124,24.306053093789764,47.315692399875196,0
303.78803208702203,31.44992278554224,23.245288529690214,43.21849341133969,0
270.46035645458215,35.64999112900798,28.37201389954089,47.873464968537995,0
276.22429658654363,29.68481863573141,29.82328038357714,41.645428111576145,0
287.2920425481547,37.1062368934549,25.28657334376405,52.07955320246338,0
259.03147787429555,39.234199727345825,23.486439265958264,50.005324212853814,0
270.77634461350897,37.671736067268924,27.95090826208459,46.484135542729405,0
321.10283750361924,26.157922871809635,22.10648578734307,43.93355793307026,0
260.7789065330711,39.97583832579303,24.330453350590346,49.26204438899099,0
252.06383596515488,39.6868370712684,23.607765897307395,46.96273907618703,0
281.09925061398314,39.150806861731525,22.680928899099023,46.19292093965302,0
321.95866507529536,36.86421124327912,24.43995153415646,50.214327047798044,0
294.09234576009334,36.100946571025666,23.27165584165207,52.132680772033204,0
286.0625676565314,40.16194699063198,25.02530892829731,38.73794407757228,0
301.3307639254682,44.617567438017275,25.05435433534493,39.74807946325097,0
247.62877701421044,30.23479768317575,23.75733655295604,41.098696372606014,0
314.841169613251,40.390626978973856,24.25897328681226,37.48787701178224,0
311.5030509421093,34.56891450996274,24.538302064192578,44.686257372154245,0
287.72074577712834,34.351634739857,26.619692122238853,48.00058227622253,0
330.1777353538925,27.31734654808981,24.703141197871627,44.89290852523832,0
266.17511703140883,33.57605295242303,26.649403481572193,42.32939179193552,0
333.83726979760706,622.8018299422686,26.17162596710931,50.63228878564579,1
304.6348099678575,32.68072785247027,26.143061393801485,45.70278201603375,0
289.9034223036548,29.509068081109252,27.775691940691946,46.71491483683159,0
299.40379093895064,32.755458063434965,22.76121824050818,50.7711740244988,0
296.78205702567175,32.96944821488298,24.053633787385774,44.383790305744334,0
336.6084868925315,35.483774592194,28.52659760059914,55.3010703631234,0
267.6996261758696,26.926250688543345,24.485366998821466,42.76092498064117,0
277.12442282560204,27.77240926127338,19.3697526201883,54.9897410225645,0
331.0890867621744,36.809571353652636,24.59406331370423,40.1263240904379,0
282.13395194448424,31.012809414649507,25.2698790603265,47.58742451440221,0
327.01599231994777,40.37264895114966,19.765773765137578,41.787339155968816,0
350.9830794902613,36.12634861007523,27.667871279775895,50.59783058490546,0
287.946149191751,38.033810751032036,23.572575072268798,42.608836960707855,0
320.44086979725915,42.05346160210448,25.65712623037503,46.45435595322043,0
265.3892315598043,33.45144594096714,24.548036909311875,41.74729001979215,0
322.64199894203426,32.12756647291862,22.42329716159192,49.68612586833307,0
305.982719579603,39.35851292799407,22.85898373072916,41.7212436968043,0
314.1911484648065,37.54756781964843,23.129834327144906,53.41707422371334,0
280.63283783893814,34.06334845089349,27.171343818367276,40.02001446519305,0
250.1674975329848,41.95728983477971,24.704923623799697,38.27186040835927,0
315.09756194248513,33.93877845080035,23.956268966896506,49.75776039039543,0
238.09790542561637,35.16386818777891,23.130782174819537,42.04178179868239,0
290.47948523272396,35.10611325417129,27.392300443052253,44.963813432752325,0
328.2354559925991,30.327030525507645,27.928402545047174,43.3887942308214,0
305.7569320761911,35.38792694743196,27.36948779741336,38.43695866423655,0
358.4502793436944,41.983800886992455,25.984874678308334,44.61503167930831,0
330.7532745774532,37.22484157688088,25.579660083741423,51.32457947486151,0
280.3830483502327,35.15531713199466,22.568124364048195,50.015685016527826,0
300.81940139554314,402.24149315769847,24.508361746577886,46.158963813129624,1
298.57887892366693,36.654335142031755,23.63227959330713,50.56134146517554,0
252.53469709961618,38.748833142445925,21.348975782030582,39.70240707652912,0
271.7880325054694,38.04619415444876,27.11408683833073,43.37272835547497,0
283.1771727906042,33.3406756908901,23.60834010721545,46.97902470365104,0
238.9133849143219,36.623907970550576,27.391883814870614,44.34792586591444,0
301.4248040475493,37.39969870574139,26.763492801520023,43.76588334761721,0
292.5278446604088,29.96402506236511,26.113435953266837,38.99678133839453,0
249.81318296065277,35.841152705918475,26.225768143526366,34.59329305678644,0
312.12638595831993,24.19348056848819,23.769372235852586,49.08933212474818,0
321.47618234072877,37.41266854910592,28.71570030258133,46.216107866261126,0
306.8110343659467,38.30171527281341,25.086250861906098,49.50999189105047,0
290.2779547437309,38.7377306289323,25.60386337023741,42.81382028920813,0
317.7432645525557,33.024765739152166,23.70184733286672,41.43611057586203,0
320.40661081430073,36.54523417512017,23.137669478446078,45.03273983318317,0
309.22210709159066,42.11976922770583,25.954592017618847,49.270998243064085,0
275.2616324869572,42.068848241456294,25.43502699187757,43.84273892506173,0
308.2980229653354,34.854136503867196,23.421295268194847,49.00892592164243,0
335.86441952476434,35.6965981536478,22.123146562449193,39.968459972034566,0
282.1011282416481,40.554555723672166,22.460153825344907,44.19276433415067,0
362.9381801739729,27.495989923689127,27.392267434182216,44.64942927960985,0
284.23107198043846,33.38462128661488,23.773492370699856,51.1319497196096,0
300.97221040020406,41.67785227768378,24.322182908648333,46.03813699007954,0
817.8905466596221,39.87600270842383,27.900680517518126,53.73038759147097,1
306.6981250776078,36.84631888824952,22.75569887702717,38.261576000262586,0
247.73334922094173,27.470837973346896,23.546010348565886,45.6495945220564,0
283.61874603549836,34.75044883479419,23.462466342878614,45.89699019590223,0
267.236363989543,32.05042301875034,28.23613696233208,48.100465987934335,0
304.0601504367687,36.65519451408607,28.98676700116483,40.93320031775554,0
329.83342126526725,30.953266576025598,26.50312645080434,53.42223169705418,0
319.38018561343654,29.871383025126963,26.56676944830848,45.064819707358794,0
1711.0972858440607,24.675673611581793,23.83928999429454,39.56466243532541,1
361.2620895878364,41.10902342488351,28.894656973808566,44.91987504793191,0
308.85839821862606,33.00114744278471,25.535392508717322,43.43419238559943,0
276.70502578521,35.785728918512675,26.70622052889948,58.91617571123665,0
304.71383756972824,34.98880941762909,24.78895012245809,50.24971799762507,0
305.2856946750808,29.6628303351975,24.46393482534478,45.248306778541085,0
279.9945384914531,28.704675442759033,70.56079047412395,15.268381065612324,1
305.9375000202623,29.97342437001382,26.079447359476614,49.755284312407326,0
281.7758313713908,31.384157805853036,27.902750922140765,49.99431080164107,0
287.8691402192993,36.83303123506902,25.51065634349009,30.442250403396756,0
1233.3960827253193,31.02141168239694,23.303266927153818,48.21496577366667,1
257.0198613078104,43.73245315797311,23.833314134243025,45.139832719893136,0
304.3750941064615,540.1863739989285,25.205930484929223,38.44428089106512,1
317.55898309549013,39.04179774832854,23.746999567913345,49.40107069812088,0
315.44650788229114,34.40170548763425,22.78507718274462,56.23094006779132,0
324.59775757905703,42.571403678602415,27.402834063574048,47.7839797341389,0
309.73020630044607,33.90997184439438,23.910259858352976,50.50214221128432,0
284.0182350534929,34.84369292922877,25.27638549558264,54.02059545982202,0
325.18991593293566,35.849872698746346,25.59226717977121,40.84868924639974,0
259.27447380474194,38.50911520271672,23.823693749358863,35.712142774165414,0
272.97985852462557,38.18454039501493,27.90159893261748,48.28433031654751,0
271.0739978573027,32.62437360777699,22.765716477590775,43.761942317792744,0
332.4016817741793,32.33503140287023,25.52325052716154,38.12913273814228,0
328.28365542420227,38.19951478576042,25.492235412753168,44.60915031932103,0
314.61915711134986,38.576182919456166,24.891490794271704,48.6377368689531,0
332.1578959563539,33.03324437588564,22.406174773456033,44.2551416761782,0
273.6215165276404,778.8540562291519,26.741635103726928,41.065861846324815,1
905.4011780148086,33.96341951995878,26.487021340669195,43.882464698517445,1
296.24476714850505,38.11762899412929,23.648862942817566,44.902617673493275,0
325.4064631165474,44.0270842320989,26.414974414410725,35.35258868686959,0
296.5432730234341,29.01021018829669,25.749815372601553,44.28612523414653,0
288.4517133476976,32.86714373584713,22.438775709277785,38.27829763927554,0
316.2272555568297,33.052982192373115,23.292142170857286,48.29512976010548,0
326.285075015737,41.779026697157505,27.276562889779157,37.19478712206611,0
279.94964415459594,34.82529249770683,25.6188323702841,50.06346102275468,0
298.16772985942873,30.463367203138674,23.871394108378748,42.954174653930295,0
268.24678099075044,37.793476414609096,23.283048217654716,42.28512146613994,0
225.05816947521183,32.97680739979527,23.96921240376916,46.47227298650986,0
306.01378894241185,28.87806363321023,24.111040940244592,40.66982777388304,0
318.267160687639,30.536133463619247,23.308073934741497,46.39372877065032,0
307.8620042726018,43.6702097721131,21.516471775233395,41.33945612655815,0
241.51314846736898,36.92104610824731,27.28002657280157,42.216327438376155,0
289.47451709770576,35.538800277262716,26.941267345222887,47.026770846645675,0
233.44956719846755,33.75053132093977,22.45348909638628,39.30709633132808,0
341.09103322962557,36.460744210593994,25.272622591127334,38.67831349118821,0
267.41836253645744,36.40117973001247,23.195523594570467,46.24112753705171,0
337.6621082837969,36.46084414103663,24.47686555354693,44.86550073755308,0
328.3760893105244,35.57422545138876,24.310466840252687,45.84346372404696,0
272.98228942391813,39.34399169152775,24.144331568564255,46.63819618360711,0
266.0164514619676,35.11552173000366,29.005894168152572,45.28687776903491,0
310.51110649159017,30.110305822236807,24.119348630647618,48.040463119835344,0
274.67027888450787,31.93788554549566,23.38347234986615,45.487181434893294,0
303.07453926474625,25.10490653255144,23.474837141005903,34.963480501623486,0
285.51517227579245,45.13408558021196,27.08755391280351,36.260577026690726,0
246.565247566031,39.31377295976343,21.69579533661413,54.63974590121041,0
233.08595942626624,30.849647524353816,23.47475416712896,45.00035933529431,0
306.8005274548379,33.5907757530145,27.893645680223067,49.751208258585486,0
283.15326761008123,31.815617628967832,25.487972375995295,43.27148047186462,0
283.40730549257603,42.71273605687058,25.383844010072227,44.70992452803035,0
320.87591517281356,27.900614178645355,29.264292920287403,42.73317672864578,0
335.20326829897334,35.5723802940939,25.492695905896998,57.32963665730682,0
291.8236583591457,34.45736078717576,23.583627677280834,46.266212111820714,0
289.78203879270416,39.134193153545574,24.435845886247304,42.32571047246901,0
315.00429099341653,34.47995386137652,22.729135381938864,36.74230143284905,0
259.29193290901276,26.208955616722825,27.511874080031394,54.86866721367926,0
306.6945916424309,33.74441082678779,26.14912343507343,44.18360807385848,0
316.55657915466463,30.139188910283377,27.248828299941778,48.72114559780798,0
320.40690625252887,35.3978977327828,27.42596785709874,49.27998645153273,0
241.89741892492606,42.17088518260163,24.171578438144934,42.685847382848145,0
277.15934190573176,26.30287377883861,23.11049429598222,48.36226387693078,0
273.652102415296,30.99888632300048,24.896573777383907,41.97930856624191,0
302.9966086322764,32.23653523108251,23.254477858422923,40.04786818980292,0
314.4223373930395,33.09184452293395,25.32991375081805,50.82232346256106,0
1146.1772506804734,38.70062832052622,27.26419376166938,44.209053100889,1
285.1510355889578,34.13227791219306,24.663720707901664,47.592564168013276,0
285.07282505072357,37.079013628602226,25.299990179815477,47.05460496940886,0
1525.6092274025502,31.87113478134112,24.812308767553265,48.189659800276445,1
308.8973081559092,36.14962172708969,26.605455144875396,37.21731532899187,0
338.0295453356392,38.88898815438858,23.66443521142342,42.07354734341815,0
308.6618400902951,31.33850225131456,20.6071074767138,43.37762421251787,0
265.2865014386019,38.906790599032576,25.941737718750762,40.842606635492544,0
260.0061493566658,35.26186384363784,26.97566884261599,47.14503424008194,0
253.4546325282321,40.22730120241126,25.89274848951707,50.934465387979486,0
319.8615550427542,33.99290049961513,23.719539009063972,51.72592327673149,0
335.65790469261026,36.9062232758105,22.729975803627863,43.30397617395058,0
355.4808642415914,34.79696884160735,25.988995063560644,46.459829312289536,0
325.29315996969723,34.5189386897971,25.28295790586935,47.2282175224505,0
334.8851573260496,36.29465214112845,24.74841474468334,48.10628047101765,0
282.59951002038946,37.68403734612452,28.64492668598758,40.60932463463678,0
265.3075254976843,28.752175440379975,23.10639981163734,54.10290134132483,0
325.5023799725266,42.16816804408939,28.55007404225493,49.63260092173223,0
312.53042256718203,25.70168479725101,25.06356780974128,49.763246718462206,0
303.2233312302268,31.57593945130552,21.328859046258252,51.017300284501985,0
311.6211444189897,34.5286546461755,24.641594691361718,47.670679711329925,0
309.6955644737462,37.06177984542974,26.918992153198882,39.86343288474514,0
338.51450579560685,42.880862638706894,24.269889934390058,44.305136342224465,0
338.84956754450866,25.708542558874463,22.05044291752321,36.744733024690426,0
316.3266105702104,32.46152935805145,24.67097093640766,47.07536254849542,0
325.37408617688783,24.36583256100367,23.28565525221659,44.15393170917227,0
315.42187657274326,35.15810986955124,25.983628802175925,44.797388082365345,0
286.1649080389614,36.35841792250015,26.546799632135222,51.02000565042825,0
322.6969402473942,42.95397871085626,22.887459184503786,42.715029807217704,0
258.16514793422215,35.60317380446727,23.5883918897687,43.73938420613962,0
331.6167465688765,40.2201256472119,26.513284930213874,45.109866479816084,0
264.164311807019,37.919185407695295,23.282311443402083,35.80003875293184,0
308.574098603842,32.82375901497416,22.83568372834401,43.66968172118998,0
274.64538124721525,27.955196266039803,22.64261773640749,32.57102543856908,0
316.6016694922328,36.375011491459055,25.70407722591624,42.072392190521306,0
298.9822432221627,27.53948991427318,25.61831543903493,49.275945266964136,0
252.15732125510002,41.47603536334822,23.631907939241916,47.23633279125534,0
312.62098893055435,34.18968948981588,25.010170792256467,42.02589844772962,0
282.6623766950187,40.97588705755708,28.05426476831026,45.203991091119065,0
326.43440162440106,32.598927829338,23.051879686163556,39.62505216434797,0
300.0397706620322,36.34425393200496,21.096514781979103,44.9882829842524,0
311.86262956164114,36.046744286673444,25.91015115144074,59.65160142746255,0
271.2729313495436,34.77477940994538,24.779197672196823,54.22900660185966,0
282.32003305717916,32.83670243301704,23.5799498263698,45.263110650086304,0
286.24084091696744,36.9622800923526,26.304160474709818,45.80072082457687,0
325.7010744072767,30.36918368258396,26.67845028933758,40.10217342682724,0
350.32131263416466,28.952823355204707,20.583443960239816,40.99105446024475,0
275.84484744771373,41.214134466634135,23.694804181337023,46.81092161052347,0
332.3054443397304,38.6358399444605,29.63503246239371,42.37553717181758,0
234.90967746822895,35.3294580430112,26.16680983159638,49.52074797425791,0
264.17431796723133,43.32571191271891,26.3522072765943,52.848428404888786,0
271.23664631439675,33.661172406375776,27.345788557262956,46.6631039239052,0
259.42473931677836,41.613516099944896,25.03413765039945,45.50868602919963,0
1493.616153239114,35.87787042462911,26.59336832018324,36.59610187544674,1
312.38996736413395,29.87624624961805,26.436124087674404,48.73805122636025,0
293.5779690681642,44.240200958854246,26.078082993505518,39.28164349230471,0
311.38216192815327,39.95355423312043,24.35597605876519,42.9099543568329,0
320.7141805836454,34.39489484495218,25.34411784473252,49.797879461925675,0
307.968509795176,38.63585629766975,23.823276871386444,50.14879082154516,0
319.7328952845112,32.981482830010464,25.02562860913299,42.66746236324941,0
297.9140314127319,39.14574517529771,22.663018215801465,42.95542232540007,0
264.39019835082763,23.044607173580204,23.418752017454096,41.50340563371664,0
331.7344254246239,29.900993331527033,24.43537591615014,39.010731273370446,0
282.32663601656617,39.89629872143482,23.11258913713985,41.82602258947879,0
271.93211103712724,33.7517223089054,23.989965458509648,36.93434990542656,0
294.66246372586807,36.03771147444371,24.672148046488967,48.41531290754133,0
272.6156724211046,28.266071689422827,25.804524689328755,46.97261802580938,0
287.477088540317,44.23933497851051,26.89851460370582,47.80264642435257,0
310.321617646904,40.952648218588386,24.072431257243785,40.22797974712429,0
310.4502521773838,33.99657390812335,27.670209234537246,39.024647182424715,0
273.0650980072311,32.97652071568337,26.877222157250987,45.267571371567804,0
1340.0633748773769,40.148021807098466,26.008187663887885,45.32051282475113,1
332.22999014310733,44.91235225084464,25.30729825859324,44.26365086243527,0
314.89200353201824,39.76880127905677,25.638241683737082,43.552583654060754,0
362.2519511804563,45.85901333698301,27.374102301332762,53.553878888471935,0
335.4038452122458,30.38824335469041,27.447159319518548,47.13012505896489,0
334.3287920567982,30.903065847506046,27.669893456767287,54.853391957332455,0
258.3639434863259,29.055294409733257,25.082653663754005,51.34482512715817,0
322.9158105490027,37.2088032482474,26.109934329997227,53.516354630086724,0
298.40679594909267,35.87801774902185,27.6870930132441,39.62768616821999,0
283.4705458938525,34.24024438264007,23.752567930167213,47.96585495499015,0
305.0404602159758,39.04629314061649,24.363166292563392,42.84117255503313,0
328.3563460383445,41.16164302607332,25.032073326026957,36.683066443202335,0
315.02494773012637,27.37168795356579,26.799197475958813,52.48001584777763,0
273.6457859597382,32.01513986049442,26.830344301437247,43.531537371471856,0
322.2737674077786,39.1007179706153,24.53827177760413,39.72449184866658,0
280.8723737377211,32.66130658070709,21.98278109124058,42.92718068375653,0
306.50049356892856,31.00896961820923,25.492367888591936,41.018879386130905,0
290.89949797568596,40.092687138251975,23.163367725343196,41.531510161916664,0
293.43401244793125,28.5524996513801,22.020127590719554,43.891983049086754,0
322.98728925121526,33.49210096104448,22.472256878532566,53.65407596522372,0
268.7941884055231,36.643220129024044,25.65276201569112,41.66841391727687,0
358.355852228308,32.13090043044941,27.722074721865614,53.29635332109595,0
245.3674179211651,38.91577828006587,25.077789032472488,49.244183979897606,0
282.0699695023543,32.15561512401315,25.42276130929193,46.98135781793043,0
311.1063566982522,42.04309746722959,27.36578987775585,48.74060016125937,0
317.5294249930593,34.371268512521134,21.91109018183289,45.068278319187286,0
296.98572838284883,38.35635068352677,26.040352843200544,51.43025051931713,0
298.2782789099537,38.73011976491408,24.97682043136236,47.834901316335504,0
312.3165025598285,31.862299986279638,26.132114917664133,36.67667007487243,0
293.0679156762696,24.732567256720557,24.03303218319237,46.481259659449826,0
341.79543773804716,36.80377877331917,23.364125419147037,48.91986571496307,0
325.1804734269481,35.36144173562435,25.28101780857121,43.554993906993914,0
326.184730530169,37.77913013787564,28.298382646668923,45.63127936356966,0
271.0152982988875,33.86736263808581,26.721820209082924,41.935710026627966,0
297.61834726782894,32.84786150599642,23.98461445963982,38.1118717196822,0
290.9860215383789,45.0423650549085,22.31805592803744,37.2481156453438,0
269.83195872931606,27.63822969244611,21.63586543260443,37.31466006465568,0
310.804925518373,38.66975239182119,27.632198903700964,48.34522371235266,0
283.8706272666055,32.126990709083046,23.089835423728346,32.54859145811836,0
319.6621148955071,33.32110691129789,24.348973174010126,41.667600365182594,0
267.89425311317007,33.41448583713017,27.642422252155153,41.17173357377311,0
351.5712183852546,30.982828629143714,21.772197089042017,43.589202320062675,0
273.11002024223814,37.8561210511812,27.984529018950116,35.71784225031899,0
306.5790701160131,41.95321797974979,24.492719092214998,47.01944047370309,0
323.755779311642,352.5731232329914,22.702833369522523,38.6341930292005,1
282.8807870939966,35.51690998106048,24.505298145702174,50.66202770354634,0
325.57405930298853,30.067797504503766,23.554806437197044,41.89117156205584,0
263.1244920659875,37.584126329122256,25.881639597811432,44.5219348829404,0
343.5635309754768,45.781748158646494,23.703735132224445,45.01886928277603,0
300.42447794897276,33.09652688102454,21.176715578161915,46.22120526430286,0
282.1076577609336,33.12008210324067,24.55887493118202,45.18507188748071,0
291.02454682717695,32.194554345095014,22.286909895426923,42.86444725633684,0
324.2675780817816,32.5529288275279,25.40863976797664,46.71524265347021,0
282.46634124448684,21.273502231638076,22.62573933543335,47.33073565247477,0
277.5192693173167,37.025176929278565,24.023974393655827,41.1743266644519,0
293.35390207248787,30.77223911822693,25.36517560842867,47.131839094867786,0
264.69113661690096,26.948684406041,24.575082549931462,50.95860151200848,0
354.61631723825445,38.76594974866274,25.50086056600209,48.52947098052276,0
283.0081622635583,29.58991107479032,26.360574331435515,49.66187620823594,0
324.9485035854121,33.306654730581215,22.68413260053739,45.85960424453723,0
306.2841025094332,42.3322119559429,24.871204918750585,40.319247769625605,0
270.46397848554096,27.953921009877433,18.34099240498374,40.951777701481774,0
299.8213587236181,27.33700882701119,25.494666603365047,46.59943983927206,0
323.52008337932244,36.346530947811694,24.398371739250315,49.713818625761554,0
294.3521599474108,40.747436820051846,23.03310047304406,58.92955956997028,0
335.79338837553087,27.128291411340186,25.63143884459305,49.909109722193016,0
330.6454617834559,37.03844868418589,27.345395154370134,39.14782121251249,0
327.5674456397499,37.90499769980846,24.047964504802113,41.16363713820009,0
286.21029683181007,24.7041975815384,23.11037101951656,56.392586579779994,0
267.60472656655537,38.9925066895361,25.330050524877425,43.92805534011611,0
281.59237183911614,39.3830293992109,22.32878666670728,45.237573173806446,0
305.8872282200016,33.44107213371988,23.67923725892892,40.19791539795386,0
316.37360140597065,41.261731811490044,27.444804323301003,52.82551702787122,0
234.85285785718656,40.68227787162422,25.124358459624574,47.501666036603126,0
299.7566039516475,35.51558962858602,21.241066072107667,41.12699326057344,0
304.74267675969554,32.742773048375334,21.406016705441196,40.03087355571364,0
291.67367231053345,30.135860537085215,25.32417138529355,46.53601972948936,0
338.7382151704764,34.812182453169044,26.724781151835376,45.22103087440226,0
312.6534022275261,37.8487945985209,21.7647570827477,49.160551086105635,0
339.3057572424269,33.379115694796795,25.899425214993016,47.734842365636,0
293.52118438949304,24.01249497368985,27.660687014979437,43.677598256156884,0
328.12432477520775,41.343569472882855,28.775717975917278,42.28099202269317,0
349.05199183582556,35.95111610922447,25.662445519719753,44.20028925850583,0
339.35080347817984,33.10187751661583,26.013605189104947,42.24659576671619,0
267.235752197138,39.28579194211644,20.73363114474371,44.349022335976194,0
292.38971767372857,42.62319298241378,29.199505095991977,45.08220464309691,0
289.6450588365061,20.990442152560544,23.84901957380776,40.510345533099716,0
314.6776360522898,37.17131824961036,23.133057683149918,48.1533993104894,0
320.590606650436,27.866753945948265,24.48958773112075,43.14786142765165,0
274.83321977922793,37.495552533994704,28.02334682837086,40.79057824857328,0
302.0351554175081,35.639636011872895,29.416092095087095,43.24196285859066,0
239.4021800353159,38.17863263220275,25.25081735895169,46.21129078310143,0
343.2583501740567,32.503761927526725,26.99616834520731,45.41519099906652,0
284.6287727796992,25.63379944090424,25.08640809737101,47.11059057452231,0
301.67591819533493,32.74815904371666,22.924409053963632,49.49173062537764,0
290.7105085803582,37.03423817569892,27.953487341576583,51.52470102004017,0
334.38082725040243,40.076961643376116,23.755745039287223,46.42743081344027,0
214.87480675807862,29.140843497637373,28.071061546743763,39.65298806382252,0
299.5016897302227,40.13530213436509,27.597082659538167,43.654445987348495,0
296.8254372750691,31.760638551767393,26.228072527914417,39.97840807808496,0
286.3909083722495,36.81224940797263,28.657949512508708,53.48427036856141,0
351.78679636906895,32.450530235671835,29.464692066371477,54.937004412635815,0
273.38011623432686,35.91085313856051,24.649513274071378,48.251555987481716,0
323.1538853170698,39.45938817285138,23.382411763167138,49.292294213195156,0
310.6875836611825,28.864929613557322,21.271460325487055,46.2547159661833,0
337.84557757606547,31.600470516265844,54.117431067194985,23.539192825351197,1
279.98432745667486,35.92481293671043,24.1206359821631,37.01272890835439,0
278.0109330262872,47.00791830515176,27.27007371420348,44.63033817371545,0
332.88209722432197,30.68405143916586,23.517489264981034,40.5942346882687,0
312.75963924990333,45.20066942998459,28.07653128182407,46.40678268769185,0
1676.9539418361742,45.02211651837585,23.599764816369174,44.70195077305733,1
283.8208495661019,34.51344424649204,22.616561732765312,54.73410981173057,0
311.5914796154418,33.5092373690005,24.5829871380925,49.58313844361421,0
325.13292664639766,31.53967400667654,23.936448598076726,46.42255991260822,0
279.62308040421135,34.65898734833665,26.192599570922425,43.66530156430187,0
212.57232030549176,27.96640283720221,24.897210145614952,53.380107293799654,0
315.69669557211097,34.618804913397014,26.255404789103842,44.85022676936735,0
263.39037930168075,42.48440136925428,24.41795705382941,46.65836980817639,0
239.47983605632766,31.944574687616413,23.66978525796239,45.21124802213418,0
215.0302222504758,33.79637848005475,23.832878904207853,42.97923047146339,0
324.41942580593224,26.49429762866379,29.089877596062053,45.1825311119276,0
303.858523512149,36.87031044065522,25.450341864453872,35.19016574660842,0
293.23030857863245,36.32240842475687,21.032475581093912,37.261467993794064,0
341.6707308888829,35.31851179882885,23.959581973091836,46.74815270834814,0
319.11974049069215,33.915864748889284,25.19373206495175,52.84099845263743,0
348.4890012816575,33.53621040613773,28.69079936250076,46.74110552072084,0
258.2179358349901,37.50950116850336,27.057397431779798,41.39815572551673,0
298.9634812813811,34.85591699205688,23.15656432703617,37.78573122966332,0
251.49859875155957,36.57485935777666,29.8367115071449,48.922636302378194,0
293.11853004433596,36.07491408727274,24.937679270397044,42.1640242449245,0
292.5415243869997,40.61713643547881,27.492659622149887,48.2161770927628,0
318.7984091178921,38.38497048687527,22.689983005200194,46.94932579032859,0
301.36691643425695,35.96430921575095,20.203673809498206,47.39150196127345,0
318.70221414839745,42.5921101532609,22.183137019263278,45.16800853676778,0
321.10320399416685,414.7605576707007,18.499333047608587,46.918221924848204,1
364.64786032149425,41.52481344395209,29.224178654505817,44.40272799371832,0
290.54110034141627,38.03471304193319,25.429065837772832,41.82346732815898,0
271.7693189800086,25.790404605342285,23.150711963103937,40.182504697419745,0
307.38250845949227,41.52417381659665,25.905248059960243,33.07495601014511,0
275.9315991858137,35.67588120671334,25.37866807236033,44.09445218797745,0
344.45882305309607,34.74022614549611,26.241866791227984,52.59689091475976,0
291.503458831643,36.40674173744789,27.41906280227254,48.65040046268798,0
283.0327089637803,33.27508419021466,24.42015769394997,46.13854559237979,0
285.86052836546645,36.13514430194473,23.240321387798026,41.329975028554244,0
321.5525227041492,32.040619668284535,26.655550428743837,49.98669612879539,0
295.26759050305543,41.37136129367185,26.604665555768932,44.403453440984876,0
280.74999539608854,34.43205943189475,25.20147161624269,52.874671568945296,0
349.9605575287059,33.08708078638783,29.355108377361546,40.094563683526594,0
274.3149047801475,30.37537092140363,24.124355754276696,41.25015236013672,0
301.0669822209898,36.34387894574321,23.200284056729462,40.763650278901856,0
319.5691845483069,35.93553550062546,88.03642735277901,19.91749463901665,1
251.0599466874878,36.94212306838753,23.650124286173003,40.31477657404119,0
314.40781504217773,29.863740562474355,25.991033048289793,45.51608129882959,0
268.3467697355865,26.994094005942134,23.33398348832112,41.438994875746864,0
324.6834834250201,38.1279565125328,24.199515434136227,25.718123353797015,0
271.1204696424307,42.423209309382536,28.78168084007833,50.37136648710061,0
935.0824837118063,29.86823188805052,24.188825286504642,36.57953135326297,1
333.1749919888414,42.947206417808495,23.402296911965408,47.946141424433186,0
325.84309576898414,36.4195552936819,27.341357577413,45.15607294834783,0
307.53949944714304,34.96468547724585,22.897916099426613,55.58686408210171,0
293.060971712109,33.01225651727111,23.614113539705865,49.9847874076131,0
282.70741270995467,28.07740990287502,26.15312224101799,42.47697702257513,0
344.1310407245131,39.938642579623,26.876822847746585,41.48968218822344,0
279.0151433949707,31.121968192811984,27.44095278216215,52.513638403996424,0
268.88801779290014,31.100966621311997,23.50555633555903,37.620644514492945,0
319.9610680509849,39.959631549434775,26.19201734597224,45.95439967959354,0
276.11589590440514,25.585082766641367,24.06778360091164,44.34439768375164,0
271.49809507601617,27.382010946659168,23.788688732978734,43.28386965647662,0
256.69187213490704,34.90932878245959,27.40642556458457,46.767569922242124,0
285.51270481618445,36.46642214502426,94.11508957064264,19.961386795051435,1
297.5185492831052,37.42367323984462,25.55640919204196,47.28700371395872,0
307.292751829821,33.49100753301874,25.31115893846128,45.69487826181642,0
328.5391873289845,47.65184834320845,22.858491247322995,47.08840702508624,0
315.8069377099738,33.86053720617083,26.93218571071264,45.46682596465797,0
1243.4538710939723,33.84606923948639,26.120561787357907,41.70286556391843,1
294.0541297086084,31.01506665593061,21.027418776259157,45.020006301182974,0
315.3047240674555,35.619534082605355,25.554842222474687,41.4280672014799,0
338.17710488785707,38.07480616023388,23.454053131666758,41.09811697634575,0
303.789425984496,41.0178902726673,27.194150612825254,43.31924998641124,0
285.92607437368775,27.55357867779891,22.109200326438483,44.40288419632079,0
270.2140199674336,33.7700233082215,24.287046062740913,45.17612653173905,0
256.6438420676332,37.23351805404572,25.72404910197693,49.58189413681665,0
319.9880901613057,37.93528767297268,25.10868058828375,42.50767958729578,0
1334.6179384990605,35.0327432890227,26.525916513427944,45.984259632374105,1
317.32090575319984,37.71211984766051,21.96315602798142,45.590138569719095,0
296.1402166094383,30.955180535371,28.303828673734756,41.95685856266967,0
342.20804237675253,42.789527161591785,26.050289317576542,45.36870393103273,0
285.4764451624555,39.96314051489715,27.719436426001792,50.01360707588657,0
328.6580771162162,28.275361064674136,26.748480338466482,45.932531084417,0
298.83771315031373,29.624484759416223,24.976779771089912,46.13291964513654,0
281.7494770596199,29.76539124946547,22.43160357817768,41.47335834528666,0
317.7759092195328,38.38984985448264,23.8728936375026,54.844294256024384,0
312.2890835605198,28.576361167912665,28.179126665725153,41.75821814838749,0
310.7091827780078,33.344878328959595,27.770875563312764,36.66108269726261,0
302.43835266168594,37.27352198208387,23.76080003979262,49.30092060109038,0
298.8632075484951,34.66917032726783,19.363391427595644,44.42591480175787,0
371.65115978611317,36.29443757856353,24.574620531389762,43.484790895264624,0
335.5276993558852,29.670986443256208,24.424594223741767,42.27223109794237,0
321.68480684956535,37.97427186698622,24.500454775919234,54.35857312157919,0
303.35397474610164,31.933940537620018,26.057078403662803,46.77295139302341,0
330.21471601790006,33.376901628010295,26.752425158643327,47.74875610822542,0
315.5398432917436,36.18865863952993,26.98059909419905,45.81307811791134,0
300.7861425832211,35.51539110765424,25.891418280270734,46.350248067225984,0
290.89307024202253,35.119900095077966,21.39845859615473,51.993123052797074,0
297.57247987011937,31.246865890116222,24.31760053461341,43.74572669386153,0
204.88722792365834,33.50225294400404,29.60817956709838,37.71531227239635,0
306.31802517892925,35.01091795418518,25.748433469604958,49.340273271138884,0
285.3457175966892,28.124573834164575,25.73563913688773,47.48350806121196,0
347.7800999484865,32.68733516843311,25.718971879547716,45.539899064425214,0
300.5803221243526,36.93839939516423,25.83075924501198,47.35376620773893,0
264.33109741395117,28.61281698077329,20.233775637828153,43.14627889852913,0
298.50359537615645,40.7829082579712,24.52095136617786,45.1034629142713,0
268.6163674481249,41.348066312999215,24.92421433641062,44.34149873070045,0
314.202222471374,28.774247120199572,27.562990798506824,42.042558714645416,0
308.72842093018454,41.788098165250695,25.095345789244593,50.94586391552501,0
328.735188933248,34.282092056439325,21.706977226796116,37.938706862911,0
276.273546249163,37.09257279578527,25.860178312343503,56.80441085906483,0
301.0202428868444,32.516744739358764,23.39235070351451,49.38681104603238,0
259.0493461372009,39.61522413613381,22.566428717837166,36.110122326488245,0
321.0448434577414,37.030470094243334,23.33168190656684,43.87916835254535,0
315.56613541320365,30.929233717011982,26.085008459329032,44.15727042048221,0
314.8741506308271,29.173990000173557,27.517522479520135,46.95943314471056,0
300.04857094070826,27.698487823953887,25.965859890355173,40.053108646301396,0
312.4431867236637,35.939708882163785,26.264046447234044,45.160126716841084,0
348.1301732492579,37.86235705889868,25.946090545676004,44.394403009386764,0
291.4471722887396,38.254828393897206,25.202654353720938,41.31190818713281,0
304.1593555113025,34.410094526963114,26.393861269925516,40.61623884264384,0
267.4162110245577,29.21501772167818,20.162449065861157,49.594023233511784,0
273.95217115205,31.589626009881083,25.222176702609666,36.51708729978703,0
302.93439879279924,40.761743194809625,22.910149930755498,47.38939468048026,0
333.1180064010572,32.576857176999596,27.325805145088278,48.98755153439062,0
292.31157527245284,35.71708815340738,24.705689389566277,43.907208308307915,0
292.9225041206363,29.62174758212556,25.06189617653566,45.26186419862498,0
287.79344266486873,36.682915227295176,21.989856251492395,50.81747499848691,0
283.9572998746703,32.71157719160461,27.033661778025703,41.47574244637971,0
308.84914367126464,40.23356356887882,26.254656240547618,41.99173785555438,0
255.08227064464066,38.867788531034066,26.113895764681008,42.52258159450346,0
338.4281873000018,32.5214702671255,23.373954295662354,50.82662799611641,0
280.0373310561162,34.36667986326168,23.45272031012374,51.46146873442354,0
321.65710456314423,32.244418799796854,74.39951852877809,21.748167330685774,1
261.90004207818373,27.90283401727495,23.611003179503896,50.03120373655818,0
320.06520391638657,30.71278785226392,25.869785925354677,49.09454153173642,0
320.15833823443495,35.9910866386041,20.678174794466557,52.76797405224914,0
311.5260621601769,36.62629749114791,24.024910887186813,46.9255401606319,0
270.16714434600624,35.742739517963194,28.593506930852982,44.77869939860712,0
307.4864456879423,33.49133473020682,25.87897165599153,50.726083432858296,0
264.5083144579683,39.66533302860493,25.333587329061984,48.494518957508824,0
292.41710234711445,35.317709522804684,28.970453071342714,56.22449207074363,0
330.8823930286598,38.516269140479736,20.328092762397127,49.79353922480914,0
323.90105781212225,26.13112433898741,23.369377770423785,45.76773988211958,0
300.455488276213,15.387998741908289,24.19765365650522,39.129478098119144,0
270.75580272231474,36.4189401391904,26.71670246601078,42.09541411402941,0
319.3676313652258,27.876171731392553,26.751312726456472,37.82022510985992,0
300.58143713094074,33.93774148643472,23.267986582034748,43.924689819695686,0
230.3905320530873,33.489514794876975,26.995908644285098,49.63033796616423,0
323.47889478949554,42.93700301207768,24.193370465356583,44.98164455759742,0
299.27301498390926,36.999982764718034,27.423279251298332,50.10862634380036,0
336.07353743949216,35.82929513399336,22.934714603755886,46.68786866719507,0
267.14188443471585,39.18495577316837,24.753376801867677,42.98453855122995,0
204.69888560412,36.84248793419519,24.01966536924688,45.43812577584982,0
308.37251575035555,32.71161503505783,27.112060743131426,47.36048345527548,0
308.74691030045915,40.3573796512728,23.954437566867657,45.69611699231808,0
249.27985117180643,29.451249360558627,24.91510294197649,45.75342114425957,0
270.6450136240018,36.61623593766781,26.0136227953261,41.15474946206647,0
382.65653231159706,27.262151029318446,26.09051696605224,42.83511867378892,0
290.8316815753859,36.019719287579974,26.773905214946343,56.29230398077322,0
321.92876929128647,35.96494820886465,25.422249553689333,51.142332452117714,0
280.4802051789485,43.38227480957331,24.16350216944034,37.63079551595142,0
237.2909130344053,27.1751305327911,24.3006025092825,33.16515521246819,0
294.89225259612283,31.995564120730936,25.051344630415223,45.38096210724361,0
292.03186319141685,39.11341213287072,25.499184952148767,49.46736447212995,0
288.00365283994887,36.67658628198654,24.705656704303127,42.40029081288896,0
296.56077493480825,35.90152525668751,25.038406841931096,50.108293640989686,0
307.9280481493691,30.219321485207303,21.96549227885579,45.29827282503542,0
295.4964914623858,32.045908259542855,26.334710568909358,44.184693601365126,0
262.0798149615791,41.22520504111628,25.36222457777886,48.78057588087591,0
314.58554374685815,34.74245403123036,27.003740827082176,42.34062103548865,0
241.5188473403273,36.876798480722364,25.00032101481417,43.56646839098173,0
238.489276281474,34.424058356117605,21.523204842956428,48.35083631065231,0
322.17541484104703,29.084572423751172,24.28310762138665,44.84302031466988,0
315.2106081640607,39.669052130374986,24.600140153763167,54.543881366888684,0
298.2781390477789,37.516161922662484,26.485806610867197,48.469127064280094,0
258.1365448573479,46.528184186835944,20.85945291097321,48.144069141663806,0
278.76267177977775,29.922093101747276,25.08235903389787,44.75247676967466,0
292.1175975694049,39.112864606002404,26.027350431586612,49.373773383548034,0
252.1231809427766,28.442280169814993,23.67702422943696,43.38696113599177,0
277.829140259303,35.78673283836539,25.149256019633693,46.41188875599757,0
319.5699101453004,39.88253294531582,23.74592698170031,40.418534764977196,0
342.81916092867647,24.639324419517564,23.54085413355922,50.19720696115296,0
287.4169574202435,33.97533762879196,24.183160299737366,46.45302348630896,0
322.69465062948296,32.1839513297869,23.57861601506598,54.912565318489385,0
242.57819788237597,31.49021350852439,26.367236623872664,56.96149191834879,0
319.78353723340837,36.92606326129677,23.530096246329244,48.81659725716574,0
275.88154755817555,40.60342853211298,23.194179985904146,45.34212655603952,0
309.2203685012391,34.33360642385422,28.53585733367907,40.26967743937216,0
292.5674274528087,36.0274321378001,26.92148002364807,49.52374901629412,0
339.612420293515,35.57154376529624,21.2769732786816,46.051422819476144,0
273.76693054980245,35.00901753178207,23.470463420294934,47.69017419577231,0
318.8281889268549,29.55328681143947,25.484925943445422,53.64893693728121,0
291.614776101104,40.542223008614464,25.647510134462987,40.877883556683265,0
295.2508356597101,36.47597684079418,22.019014268526213,40.37847915759332,0
294.4843832052237,36.97440745001289,27.317130985644646,43.8178703081466,0
274.6298068651766,30.96745185487209,26.650448838363253,49.10600574875912,0
299.5770310227999,32.7038980100538,25.963803264080678,47.774336201072444,0
298.1205533363454,34.119329011446105,27.713456981424244,40.52155744152114,0
307.23720745220186,27.32937653275574,25.904579985141837,48.78276450351241,0
302.5351543707859,600.9974039930314,25.897161758503696,38.99393590553368,1
323.9398364883671,31.996260346807162,28.115358543644483,40.81129162825571,0
327.7052584814211,37.61260383221195,27.202439161455416,44.42271341405405,0
268.48130034516595,31.734313050350295,23.316985082176938,42.2328437701239,0
326.06317501772315,29.905974012046432,26.26639035734383,49.44929744325467,0
264.40990718670434,30.92657173381165,23.671464270082836,46.43189241500547,0
317.63567664413205,32.72328788427344,26.008309101900554,53.827805888136304,0
318.59216354108605,33.23070518589948,25.95322701403963,43.76407317322793,0
242.6604932501249,45.82760726103278,22.233065375088028,44.388989244796285,0
302.7893773958823,40.27310314243659,24.756308777377928,51.051913045308815,0
285.94511659919056,40.12387056140864,25.530514047160803,44.545395984381024,0
277.23704226193877,40.84290182136691,24.127419618011686,52.47002623853773,0
340.52556992097016,30.005895653329752,25.62941988478152,47.704141051922456,0
280.38962578087745,28.888176925063803,26.61179555400214,33.236067650573204,0
275.8086921264585,29.465648542329717,24.93881387153849,50.88785207074732,0
302.2708482001528,41.67253066668919,25.44919895341652,49.56363406559904,0
320.5676923889525,32.26404105558755,27.76684815711195,49.75666303055272,0
295.7505424196962,28.743219088803567,25.946393166450452,35.44510810727371,0
334.9911163700776,32.84501899890093,25.401648579348947,41.68505019364476,0
315.92926985892274,33.806972341426864,23.083841240717277,42.05647583221615,0
234.65366040805708,36.342066368472814,26.342052022777697,40.79439316219804,0
284.11599109478976,36.254755103560214,25.660299898783876,53.70961265946969,0
283.14473701944905,30.85909718063246,27.567478867402816,44.94116081088183,0
314.3808286028827,38.428281962568555,25.093757086606622,44.817195286854144,0
221.25548830877662,31.80403233124921,21.36746699973201,47.760041551578894,0
376.47029126153166,34.21861831647478,21.599758262343478,47.846508339446906,0
315.9307828468263,38.43387035251678,26.471361527519466,28.325536446870853,0
1454.6487302733121,31.790892980278294,23.859612804603692,41.768212314253184,1
335.4470314925744,32.15324288209431,25.873535502220996,37.93605711104362,0
370.30962158437876,37.95834024846565,25.228465289004713,47.001530465774096,0
326.1223993376521,30.711334116974903,24.666320664612158,43.55553792832976,0
328.4643928941486,33.076039881979646,24.807277428823554,45.076937822506345,0
303.9207007339315,37.77871089021446,23.269220989909545,34.60740125554739,0
295.75422739899153,45.270462207179875,24.968444622200657,43.45073887654751,0
285.72613667985297,38.027022523813734,23.8310131344112,50.575651259164076,0
275.21664024856375,37.36319881495006,24.25548695974859,52.04724741551084,0
279.38957700901506,37.65400791836365,24.35270191058168,48.594317097703495,0
259.4833210697105,29.634048629664754,24.54661346020256,38.3226735327594,0
297.7238564794493,35.57798369339954,26.84434691301417,51.29700901496062,0
249.4599726832084,34.85116755831799,24.740418341590612,48.62001127500008,0
305.7274957243113,36.60792270186378,27.047404673180196,44.414054829677305,0
298.91008175872975,35.582540262379354,28.075709902652964,34.87481842745128,0
304.40805895160065,36.89849838708557,26.7098893021123,49.767974753312586,0
284.3360528994002,33.442664025503994,26.06893707013702,42.0391683500831,0
392.3058111054151,35.29304458685896,25.65366441896704,46.730829105273905,0
340.8034770054094,28.86085716971504,26.73071741810014,45.34196930318331,0
262.6637249974583,33.40046360998543,25.17872147719248,52.69197492219139,0
306.98604262280696,41.95416774088322,26.969139691914396,44.373165070012455,0
281.75981571188026,36.59404169814128,26.22821161057937,44.924432049570264,0
269.56560819877757,34.895394813084614,24.280319078439224,52.89307695239315,0
259.79783786628195,44.48061638127173,26.791701760205612,41.70888878124906,0
312.9665007227776,28.195825108494603,25.18296001195514,49.07161425703889,0
279.55859294791276,29.4527222227689,24.787735984775367,44.00692138560768,0
329.03478072075615,844.9413440590604,24.047601679202025,39.987290189975354,1
329.8134664359132,35.22980468024467,25.332037695749143,45.00580493360436,0
341.2174315563435,33.78708481855103,26.992925230825968,48.45852556803994,0
274.4283970177769,29.003978374521783,26.777880011186074,51.76854919988256,0
314.2609683207603,37.23848133197506,25.706787594917913,52.37346992672841,0
318.973626499269,37.72229934763731,26.199287281450072,43.526179628872335,0
285.774654746881,29.527528195825518,27.543393583045116,40.06375383983893,0
276.84684127821373,34.29862207224786,24.70006741765828,43.4063055021126,0
348.2856199732792,33.32242083983467,22.76915999293959,39.092346233349225,0
306.8248762719616,36.27988573209385,27.602259704357145,43.913069002917474,0
319.07903252135213,29.40374878889678,23.940443495938563,43.29167358190121,0
275.33771964516217,41.259737272565786,23.61932375331219,48.63745102078383,0
263.4214660043342,39.57911890798802,21.407604489330897,33.97032410042811,0
282.9165067652367,33.18412220633592,26.142566106328594,41.3319602695668,0
296.2793583783001,33.91790644180814,21.757094750895558,41.37240847779042,0
268.07339979547953,34.31788924861192,23.499482384616527,50.93563626204013,0
299.70465574048853,31.10845723496748,26.176473589030117,39.430778112994915,0
249.344844357945,32.78285290882482,26.443842504816743,46.13328679824497,0
266.39857732590383,33.64864816162695,23.696591703563534,44.359357927901094,0
320.12733744830626,43.06434185353564,24.731693346015188,50.21521263418191,0
318.1137156083368,39.733091541652186,23.254810947187693,47.97915932255274,0
288.24369703839403,39.67327353668312,23.903206424377636,45.6062186591019,0
269.4670707276914,36.84962806502195,25.532430520305812,42.22666562705966,0
269.17789345421966,29.413364955343827,23.996706642407084,35.738287484450616,0
288.80195262176056,34.792544477113104,92.56221916817925,15.009991299250222,1
319.3355547493587,39.8524422980669,22.070586636764865,47.65244899264936,0
327.8473707403297,28.70867685316356,27.265912329612274,37.12566193762673,0
285.1040479355409,38.182766034366324,26.020133186342132,38.83152917835725,0
265.3952272204565,46.61304612631383,26.585810743674404,46.26164986685838,0
308.03530913599,40.30908322994866,27.580850649233724,46.69570843103935,0
275.29395088122453,42.07014567780994,23.349574248908567,40.046763449539704,0
284.45242083416395,36.0916937522108,24.283211033943953,42.12967643215981,0
1627.1722457072517,39.839659743824946,21.210331264835578,35.81755580714787,1
324.81346285697305,31.41073392822982,31.280845820204476,51.88631951906617,0
304.73922936754354,38.979319061706136,24.70082936936525,38.50062796315774,0
261.84242996661834,38.27194067030381,27.077455799829824,47.711296956242755,0
306.34189702411976,36.44955587018831,22.523677711329082,44.825196519233096,0
331.8797187236258,41.58003709859249,26.99277685128602,51.447968098123795,0
288.73099002703395,32.306075810763055,28.715181753299333,41.03872953612622,0
340.53342269960143,34.06471241763169,24.879438501944037,45.30626355170194,0
338.7823586855462,35.47731020679148,22.978237006820798,36.50786545381325,0
349.9119849643042,29.851945144552996,24.72240719810893,35.30736581530123,0
309.1572937959406,36.13465971900124,20.546476950085548,47.98166791932737,0
317.6217509941804,26.405347935230765,24.924226597956316,36.07487080465149,0
342.4256186499327,40.23477267214105,26.641934278625993,43.85891232782735,0
313.4218181120693,35.23318683282983,24.92848471125297,50.0564772398646,0
284.9629767662936,32.395535480481186,24.431720890622064,48.7334242804734,0
286.5437149041642,30.828131938524393,26.055136232224065,41.67707256025703,0
307.15664861321216,33.82710485190406,26.208049693899106,37.05748431795914,0
261.28315734161345,38.44129855386207,21.680188874989636,47.54747430827764,0
295.7022325390742,37.7386948936878,25.177645924557577,51.71128391430091,0
332.89641354690764,31.472310263607696,29.87197024845849,41.68880960667188,0
234.26238446504158,30.76980163686183,22.32996750870395,40.98343570796442,0
346.03446305383545,38.28449353159824,24.829162334333866,42.37549018565501,0
333.6712265610948,31.388262976924853,28.883492244103408,47.858043554035575,0
286.2070615250857,35.299548870397516,27.20835031308735,51.14258803207456,0
316.3017248361543,35.618773212621385,23.973206638447877,38.801965943097386,0
300.0944318071898,36.56031065863369,25.412270759245207,37.50859095337673,0
336.8997110531605,39.29135215090936,24.995776640030353,56.69998160966224,0
329.4804942830982,28.685185315663386,23.503856391356663,44.11338606054981,0
257.9978783045097,25.44420337369756,24.851495785013835,46.26446397845155,0
317.6178724039253,32.162763593858244,24.440067734386943,41.54034579691181,0
293.83116439070255,44.00764203916093,25.2254978761535,47.44981154726358,0
302.484977115543,768.9713213504222,23.50323363861793,49.800304373507615,1
278.1548429709055,44.15588567782944,22.44676359951068,46.49898085786465,0
352.44411207362504,34.03509316119655,24.917438453215258,53.70429038507217,0
331.2018545970773,26.089424590075858,28.43023643635756,43.36627705029454,0
277.806865080811,23.284804491740797,25.164405852525594,43.685587634823115,0
259.961681792693,31.929809192252943,24.33681244213691,46.15703175638708,0
288.42982107066456,34.009631849253196,26.508171610076996,47.32480822753048,0
313.0350793827392,41.503127005279794,24.68336077480924,46.13973631031305,0
307.20617531838667,39.33902729771223,28.73606584991822,38.577924865224546,0
337.5939847430473,36.1370253949581,24.992174981409843,46.562575830977806,0
323.6975916654256,30.550776145294293,26.400994126316327,43.12913207598282,0
329.0870707725872,30.19610220877555,23.490791235213454,42.095114929626774,0
309.8056620183131,36.27063843535718,26.006178506673326,45.16241027376622,0
258.32103809367027,38.48525489419863,25.550186953887508,40.19238656335393,0
294.12904406559295,36.95940631122792,24.886987750681584,39.32304338063384,0
331.80269219725994,29.827010201966726,23.99648447766056,31.922655199980753,0
298.4543121442606,38.25333814396043,23.72393966869525,53.736186642549455,0
315.0927110587124,37.12955483550706,25.564705327959306,47.77865659551501,0
290.437550542616,29.64666796904911,26.257878219392946,44.416179393468475,0
269.10564454374463,31.07839514849872,24.745674407411737,41.66388381556676,0
296.2996780786167,38.44247987280783,25.574535858241585,30.619838589767916,0
309.2714232909796,33.82746232427054,24.92417064373446,41.357355618892576,0
280.3293684161567,42.945736508182286,25.197052049810775,48.57933168582038,0
292.92866265429996,37.50564638032288,24.59911003464555,49.710871517969345,0
271.81610274042055,32.56684405905366,25.035945158736617,48.211459968016506,0
333.5773475269229,34.94897199804534,30.396080913634854,45.79195977876234,0
291.16632727235896,35.31691696318859,25.62326859761485,51.51937072965689,0
1509.5596438054115,31.35804843379145,26.290593916862086,43.3573138895573,1
345.86243551622726,30.437059009111866,25.876047210656196,50.4259445806718,0
297.5686210583477,38.5069494690475,24.47436635340588,43.07708778139894,0
269.7465380235795,39.22636648521048,27.587978426583337,40.59429345561119,0
237.42306366799988,38.018907347764795,24.41767245914732,39.971435097887394,0
255.83888780919625,42.57659047161901,27.110109097885104,39.677517894135235,0
258.7849552530402,32.29113381994199,24.331586003867102,48.29534014401243,0
341.35408882384513,43.37135383035565,23.08005496171192,41.286272144514605,0
303.4747376168084,30.495394407229234,25.730792416472386,39.83485577482528,0
311.6881357227596,29.936572183157537,22.790663287795788,48.5686760983068,0
233.38736973194622,26.20020558925375,26.071280450033218,46.63985195236116,0
264.06100712348217,32.77102343086592,22.611682687817368,49.81295991422901,0
326.6123932933886,32.48138831585273,24.361983939054294,47.56299755636399,0
308.6032233714776,37.629686401273254,22.13654060695052,41.23444209901344,0
295.5838416394321,36.219454708102255,30.64833401880546,45.38051208234294,0
316.9452707580037,29.035133144904314,21.69208088076737,45.625664953848386,0
349.07393418407446,33.036368807870915,25.01962748079281,40.40420670762999,0
293.3687260938885,33.14268989456157,27.286608548660027,39.476875129530036,0
302.08109407974206,26.120088765190538,27.07277181717405,41.59639195441148,0
305.7779075619392,30.095266364933153,26.702684244346273,55.1829117833604,0
371.76328905821975,31.145931846929553,24.365543223557047,42.93627952889226,0
237.01931206742924,42.168125099104735,27.702177892674005,51.164333956933575,0
320.49669044366425,35.957253579786766,26.826782181604365,42.65669745260101,0
296.5559325372281,38.310843769737495,25.424599235320954,49.44419409769996,0
317.0031517855254,27.50682251425394,25.481161515453184,49.512458277789236,0
280.27882338015826,992.3312728097,24.392154704769254,49.76295253976022,1
298.5310490742465,41.50551031512046,23.180695948333923,46.93913671004479,0
321.3423173839649,25.00827516427687,27.474301950957432,51.886832893905755,0
393.38730603131523,31.47341638042076,27.624415987203065,46.89176984676364,0
324.24108568206213,37.47882786507755,23.23178171794016,53.5676486467014,0
274.5580320590847,38.22194226769091,24.692429669707618,36.90040098405783,0
